source,tag,hidden,D_eff,seed,step,exact_pct,token_pct,lm_loss
frontier,d09,256,9,0,1562,0.0,56.8046,1.0525606870651245
frontier,d09,256,9,0,3124,0.5859,62.0467,0.8720574378967285
frontier,d09,256,9,0,4686,2.1484,65.2995,0.7971649169921875
frontier,d09,256,9,0,6248,5.2734,67.3563,0.7851515412330627
frontier,d09,256,9,0,7810,5.0781,67.0091,0.7584287524223328
frontier,d18,256,18,0,1562,0.0,56.7395,1.0605779886245728
frontier,d18,256,18,0,3124,0.3906,62.3336,0.8709685802459717
frontier,d18,256,18,0,4686,1.9531,65.2513,0.7951861619949341
frontier,d18,256,18,0,6248,6.6406,66.428,0.8204277753829956
frontier,d18,256,18,0,7810,4.2969,66.9415,0.7836573719978333
frontier,d36,256,36,0,1562,0.0,56.7708,1.061828374862671
frontier,d36,256,36,0,3124,0.0,62.4421,0.8664149641990662
frontier,d36,256,36,0,4686,2.5391,65.2657,0.8249019980430603
frontier,d36,256,36,0,6248,2.9297,66.3194,0.7682527899742126
frontier,d36,256,36,0,7810,3.5156,67.6577,0.7364286184310913
isoflop,h128_d18,128,18,0,1140,0.0,43.6005,1.5820907354354858
isoflop,h128_d18,128,18,0,2280,0.0,59.8307,0.9591106176376343
isoflop,h128_d18,128,18,0,3420,0.7812,62.9726,0.8738570213317871
isoflop,h128_d18,128,18,0,4560,1.9531,64.2964,0.8440669178962708
isoflop,h128_d18,128,18,0,5700,2.7344,64.8486,0.8682399988174438
isoflop,h128_d36,128,36,0,625,0.0,13.5272,2.2028815746307373
isoflop,h128_d36,128,36,0,1250,0.0,46.6749,1.4984512329101562
isoflop,h128_d36,128,36,0,1875,0.0,58.5745,1.0251996517181396
isoflop,h128_d36,128,36,0,2500,0.0,60.6699,0.9424835443496704
isoflop,h128_d36,128,36,0,3125,0.1953,62.9774,0.8963260650634766
isoflop,h128_d9,128,9,0,1929,0.0,58.601,1.0012683868408203
isoflop,h128_d9,128,9,0,3858,1.5625,63.6357,0.8768700957298279
isoflop,h128_d9,128,9,0,5787,2.5391,65.3646,0.8007979989051819
isoflop,h128_d9,128,9,0,7716,2.7344,66.8041,0.765464723110199
isoflop,h128_d9,128,9,0,9645,5.4688,67.4407,0.7626667022705078
isoflop,h256_d18,256,18,0,554,0.0,17.73,2.1760098934173584
isoflop,h256_d18,256,18,0,1108,0.0,47.5984,1.4367297887802124
isoflop,h256_d18,256,18,0,1662,0.0,57.6172,1.020561695098877
isoflop,h256_d18,256,18,0,2216,0.0,59.4473,0.9285215735435486
isoflop,h256_d18,256,18,0,2770,0.0,61.0966,0.8976569771766663
isoflop,h256_d36,256,36,0,304,0.0,11.1859,2.446702718734741
isoflop,h256_d36,256,36,0,608,0.0,20.1678,2.158134698867798
isoflop,h256_d36,256,36,0,912,0.0,41.8113,1.591032862663269
isoflop,h256_d36,256,36,0,1216,0.0,50.5546,1.3457669019699097
isoflop,h256_d36,256,36,0,1520,0.0,56.2982,1.1017231941223145
isoflop,h256_d9,256,9,0,960,0.0,43.5884,1.5486332178115845
isoflop,h256_d9,256,9,0,1920,0.0,58.4346,0.9682159423828125
isoflop,h256_d9,256,9,0,2880,0.1953,61.1714,0.9134457111358643
isoflop,h256_d9,256,9,0,3840,1.3672,64.1348,0.8275626301765442
isoflop,h256_d9,256,9,0,4800,2.5391,65.6636,0.799934446811676
isoflop,h384_d18,384,18,0,335,0.0,12.3119,2.3350772857666016
isoflop,h384_d18,384,18,0,670,0.0,33.0512,1.9086469411849976
isoflop,h384_d18,384,18,0,1005,0.0,46.2553,1.4596610069274902
isoflop,h384_d18,384,18,0,1340,0.0,55.1698,1.1364226341247559
isoflop,h384_d18,384,18,0,1675,0.0,58.4394,0.9752938747406006
isoflop,h384_d36,384,36,0,179,0.0,10.4335,2.5107359886169434
isoflop,h384_d36,384,36,0,358,0.0,12.0925,2.3364012241363525
isoflop,h384_d36,384,36,0,537,0.0,18.8754,2.166779041290283
isoflop,h384_d36,384,36,0,716,0.0,35.3419,1.814667820930481
isoflop,h384_d36,384,36,0,895,0.0,42.4069,1.5465630292892456
isoflop,h384_d9,384,9,0,585,0.0,27.9972,2.0649704933166504
isoflop,h384_d9,384,9,0,1170,0.0,51.6228,1.2791800498962402
isoflop,h384_d9,384,9,0,1755,0.0,58.2899,0.9686476588249207
isoflop,h384_d9,384,9,0,2340,0.0,60.1394,0.9317338466644287
isoflop,h384_d9,384,9,0,2925,0.5859,62.4928,0.8613651990890503
budget,h128_d18,128,18,0,2000,0.0,58.9072,0.9982679486274719
budget,h128_d18,128,18,0,4000,1.3672,64.4507,0.8461961150169373
budget,h128_d18,128,18,0,6000,3.125,65.6805,0.8045268654823303
budget,h128_d18,128,18,0,8000,3.125,67.1996,0.7615164518356323
budget,h128_d18,128,18,0,10000,7.0312,67.9543,0.7515457272529602
budget,h128_d18,128,18,0,12000,3.3203,67.1947,0.7570459842681885
budget,h128_d18,128,18,0,14000,6.6406,66.5123,0.7849671840667725
budget,h128_d18,128,18,0,16000,9.1797,68.0097,0.7472440004348755
budget,h128_d18,128,18,0,18000,8.9844,68.0001,0.7343898415565491
budget,h128_d18,128,18,0,20000,7.4219,67.718,0.7473310232162476
budget,h128_d18,128,18,0,22000,14.6484,69.5698,0.7165879011154175
budget,h128_d18,128,18,0,24000,14.2578,67.9326,0.7941031455993652
budget,h128_d18,128,18,0,26000,4.2969,68.4173,0.7314586639404297
budget,h128_d18,128,18,0,28000,9.5703,68.8079,0.7231947779655457
budget,h128_d18,128,18,0,30000,13.2812,68.7645,0.7235486507415771
budget,h128_d18_s0,128,18,0,2000,0.0,58.9072,0.9982679486274719
budget,h128_d18_s0,128,18,0,4000,1.3672,64.4507,0.8461961150169373
budget,h128_d18_s0,128,18,0,6000,3.125,65.6805,0.8045268654823303
budget,h128_d18_s0,128,18,0,8000,3.125,67.1996,0.7615164518356323
budget,h128_d18_s0,128,18,0,10000,7.0312,67.9543,0.7515457272529602
budget,h128_d18_s0,128,18,0,12000,3.3203,67.1947,0.7570459842681885
budget,h128_d18_s0,128,18,0,14000,6.6406,66.5123,0.7849671840667725
budget,h128_d18_s0,128,18,0,16000,9.1797,68.0097,0.7472440004348755
budget,h128_d18_s0,128,18,0,18000,8.9844,68.0001,0.7343898415565491
budget,h128_d18_s0,128,18,0,20000,7.4219,67.718,0.7473310232162476
budget,h128_d18_s0,128,18,0,22000,14.6484,69.5698,0.7165879011154175
budget,h128_d18_s0,128,18,0,24000,14.2578,67.9326,0.7941031455993652
budget,h128_d18_s0,128,18,0,26000,4.2969,68.4173,0.7314586639404297
budget,h128_d18_s0,128,18,0,28000,9.5703,68.8079,0.7231947779655457
budget,h128_d18_s0,128,18,0,30000,13.2812,68.7645,0.7235486507415771
budget,h128_d18_s1,128,18,1,2000,0.0,58.4563,1.0090184211730957
budget,h128_d18_s1,128,18,1,4000,2.3438,64.1638,0.8519721627235413
budget,h128_d18_s1,128,18,1,6000,2.5391,65.8661,0.7845392823219299
budget,h128_d18_s1,128,18,1,8000,3.125,67.2454,0.7545101642608643
budget,h128_d18_s1,128,18,1,10000,2.9297,66.821,0.7545114159584045
budget,h128_d18_s1,128,18,1,12000,2.5391,66.8523,0.758699893951416
budget,h128_d18_s1,128,18,1,14000,10.9375,68.2653,0.7439908981323242
budget,h128_d18_s1,128,18,1,16000,8.7891,67.9398,0.7422575354576111
budget,h128_d18_s1,128,18,1,18000,7.6172,68.0966,0.7446000576019287
budget,h128_d18_s1,128,18,1,20000,8.3984,68.2099,0.7346330881118774
budget,h128_d18_s1,128,18,1,22000,10.7422,68.0724,0.7614004611968994
budget,h128_d18_s1,128,18,1,24000,9.5703,67.636,0.7619150876998901
budget,h128_d18_s1,128,18,1,26000,10.1562,68.9067,0.7214238047599792
budget,h128_d18_s1,128,18,1,28000,7.0312,67.4262,0.7609633207321167
budget,h128_d18_s1,128,18,1,30000,7.8125,67.9495,0.7433865666389465
budget,h128_d18_s2,128,18,2,2000,0.0,58.314,1.016510009765625
budget,h128_d18_s2,128,18,2,4000,0.7812,63.3391,0.8547101020812988
budget,h128_d18_s2,128,18,2,6000,2.5391,65.0704,0.8092043399810791
budget,h128_d18_s2,128,18,2,8000,2.7344,66.223,0.7760027050971985
budget,h128_d18_s2,128,18,2,10000,6.6406,67.7566,0.7653963565826416
budget,h128_d18_s2,128,18,2,12000,6.8359,67.6312,0.7530103325843811
budget,h128_d18_s2,128,18,2,14000,11.3281,68.0001,0.763067364692688
budget,h128_d18_s2,128,18,2,16000,11.1328,68.3232,0.7540675401687622
budget,h128_d18_s2,128,18,2,18000,12.1094,68.6439,0.7644141316413879
budget,h128_d18_s2,128,18,2,20000,12.5,68.4197,0.7482491135597229
budget,h128_d18_s2,128,18,2,22000,7.8125,68.3232,0.7366889119148254
budget,h128_d18_s2,128,18,2,24000,7.0312,68.4052,0.7459441423416138
budget,h128_d18_s2,128,18,2,26000,11.9141,68.451,0.7743189334869385
budget,h128_d18_s2,128,18,2,28000,9.5703,68.3256,0.7691653966903687
budget,h128_d18_s2,128,18,2,30000,6.4453,67.9977,0.7403355240821838
budget,h128_d18_s3,128,18,3,2000,0.0,58.2803,1.0170974731445312
budget,h128_d18_s3,128,18,3,4000,1.5625,62.7676,0.9106301069259644
budget,h128_d18_s3,128,18,3,6000,2.5391,65.7359,0.7949927449226379
budget,h128_d18_s3,128,18,3,8000,5.4688,67.0597,0.8062874674797058
budget,h128_d18_s3,128,18,3,10000,3.3203,66.4063,0.7796099185943604
budget,h128_d18_s3,128,18,3,12000,4.8828,67.4383,0.7565950751304626
budget,h128_d18_s3,128,18,3,14000,3.5156,67.4696,0.7487202882766724
budget,h128_d18_s3,128,18,3,16000,5.6641,68.7042,0.7312948107719421
budget,h128_d18_s3,128,18,3,18000,5.4688,67.6939,0.7503681778907776
budget,h128_d18_s3,128,18,3,20000,5.0781,66.4834,0.8068193793296814
budget,h128_d18_s3,128,18,3,22000,4.2969,67.2815,0.7521890997886658
budget,h128_d18_s3,128,18,3,24000,7.6172,67.6022,0.760844886302948
budget,h128_d18_s3,128,18,3,26000,9.375,68.0097,0.7687874436378479
budget,h128_d18_s3,128,18,3,28000,11.1328,68.1255,0.7473598122596741
budget,h128_d18_s3,128,18,3,30000,8.9844,67.947,0.7658117413520813
budget,h128_d18_s4,128,18,4,2000,0.0,58.7818,1.0050032138824463
budget,h128_d18_s4,128,18,4,4000,1.9531,64.007,0.8535585403442383
budget,h128_d18_s4,128,18,4,6000,2.5391,66.0132,0.7943587899208069
budget,h128_d18_s4,128,18,4,8000,3.125,66.833,0.7583759427070618
budget,h128_d18_s4,128,18,4,10000,4.2969,67.3708,0.75127774477005
budget,h128_d18_s4,128,18,4,12000,6.6406,67.894,0.7421877980232239
budget,h128_d18_s4,128,18,4,14000,13.8672,68.914,0.7552155256271362
budget,h128_d18_s4,128,18,4,16000,10.5469,69.1623,0.7222129106521606
budget,h128_d18_s4,128,18,4,18000,7.8125,67.6649,0.7608922123908997
budget,h128_d18_s4,128,18,4,20000,9.9609,68.1255,0.7424507737159729
budget,h128_d18_s4,128,18,4,22000,10.3516,69.0345,0.7288649082183838
budget,h128_d18_s4,128,18,4,24000,8.9844,68.5643,0.7298224568367004
budget,h128_d18_s4,128,18,4,26000,5.4688,68.3618,0.7446999549865723
budget,h128_d18_s4,128,18,4,28000,5.0781,68.3087,0.7307987213134766
budget,h128_d18_s4,128,18,4,30000,10.5469,68.2533,0.742830753326416
budget,h128_d36,128,36,0,2000,0.0,58.6709,1.0027596950531006
budget,h128_d36,128,36,0,4000,2.1484,64.4338,0.8453312516212463
budget,h128_d36,128,36,0,6000,3.5156,65.4755,0.8529462218284607
budget,h128_d36,128,36,0,8000,4.2969,66.8403,0.7715162634849548
budget,h128_d36,128,36,0,10000,5.8594,67.7421,0.7487571239471436
budget,h128_d36,128,36,0,12000,10.3516,66.8668,0.8507586121559143
budget,h128_d36,128,36,0,14000,9.375,67.3563,0.7620892524719238
budget,h128_d36,128,36,0,16000,14.0625,69.0611,0.7550271153450012
budget,h128_d36,128,36,0,18000,15.0391,68.7042,0.7477937936782837
budget,h128_d36,128,36,0,20000,15.2344,69.7097,0.7183538675308228
budget,h128_d36,128,36,0,22000,12.1094,69.1382,0.7188183069229126
budget,h128_d36,128,36,0,24000,10.9375,68.2292,0.7570101022720337
budget,h128_d36,128,36,0,26000,14.0625,68.7645,0.7202860713005066
budget,h128_d36,128,36,0,28000,11.7188,68.0146,0.7359406352043152
budget,h128_d36,128,36,0,30000,15.2344,69.4589,0.7162399888038635
budget,h128_d36_s0,128,36,0,2000,0.0,58.6709,1.0027596950531006
budget,h128_d36_s0,128,36,0,4000,2.1484,64.4338,0.8453312516212463
budget,h128_d36_s0,128,36,0,6000,3.5156,65.4755,0.8529462218284607
budget,h128_d36_s0,128,36,0,8000,4.2969,66.8403,0.7715162634849548
budget,h128_d36_s0,128,36,0,10000,5.8594,67.7421,0.7487571239471436
budget,h128_d36_s0,128,36,0,12000,10.3516,66.8668,0.8507586121559143
budget,h128_d36_s0,128,36,0,14000,9.375,67.3563,0.7620892524719238
budget,h128_d36_s0,128,36,0,16000,14.0625,69.0611,0.7550271153450012
budget,h128_d36_s0,128,36,0,18000,15.0391,68.7042,0.7477937936782837
budget,h128_d36_s0,128,36,0,20000,15.2344,69.7097,0.7183538675308228
budget,h128_d36_s0,128,36,0,22000,12.1094,69.1382,0.7188183069229126
budget,h128_d36_s0,128,36,0,24000,10.9375,68.2292,0.7570101022720337
budget,h128_d36_s0,128,36,0,26000,14.0625,68.7645,0.7202860713005066
budget,h128_d36_s0,128,36,0,28000,11.7188,68.0146,0.7359406352043152
budget,h128_d36_s0,128,36,0,30000,15.2344,69.4589,0.7162399888038635
budget,h128_d36_s1,128,36,1,2000,0.0,58.4877,1.0153751373291016
budget,h128_d36_s1,128,36,1,4000,1.7578,64.3808,0.8381922841072083
budget,h128_d36_s1,128,36,1,6000,2.5391,65.8131,0.799003541469574
budget,h128_d36_s1,128,36,1,8000,4.8828,67.2213,0.769755482673645
budget,h128_d36_s1,128,36,1,10000,8.3984,67.3466,0.7560272216796875
budget,h128_d36_s1,128,36,1,12000,6.25,67.378,0.7523203492164612
budget,h128_d36_s1,128,36,1,14000,4.2969,67.243,0.7493041157722473
budget,h128_d36_s1,128,36,1,16000,2.5391,66.9632,0.7576785087585449
budget,h128_d36_s1,128,36,1,18000,8.3984,68.2774,0.732063889503479
budget,h128_d36_s1,128,36,1,20000,5.8594,68.5016,0.7279647588729858
budget,h128_d36_s1,128,36,1,22000,5.2734,68.0049,0.7374131083488464
budget,h128_d36_s1,128,36,1,24000,5.0781,68.0363,0.7354775667190552
budget,h128_d36_s1,128,36,1,26000,6.4453,66.5919,0.7996935248374939
budget,h128_d36_s1,128,36,1,28000,5.2734,67.1224,0.7634723782539368
budget,h128_d36_s1,128,36,1,30000,6.0547,66.8716,0.773524820804596
budget,h128_d36_s2,128,36,2,2000,0.0,58.3864,1.0142863988876343
budget,h128_d36_s2,128,36,2,4000,1.3672,63.3512,0.8565680980682373
budget,h128_d36_s2,128,36,2,6000,2.5391,65.6805,0.7978471517562866
budget,h128_d36_s2,128,36,2,8000,2.5391,66.522,0.7690204381942749
budget,h128_d36_s2,128,36,2,10000,3.125,67.3539,0.7475395798683167
budget,h128_d36_s2,128,36,2,12000,7.0312,67.4648,0.754941999912262
budget,h128_d36_s2,128,36,2,14000,7.0312,68.5209,0.7420181632041931
budget,h128_d36_s2,128,36,2,16000,10.9375,68.545,0.7675022482872009
budget,h128_d36_s2,128,36,2,18000,8.5938,68.6801,0.7305639386177063
budget,h128_d36_s2,128,36,2,20000,11.3281,68.6222,0.7486277222633362
budget,h128_d36_s2,128,36,2,22000,6.4453,68.152,0.7470560669898987
budget,h128_d36_s2,128,36,2,24000,7.4219,68.1183,0.760456919670105
budget,h128_d36_s2,128,36,2,26000,5.8594,68.2243,0.7319447994232178
budget,h128_d36_s2,128,36,2,28000,6.25,67.9495,0.7584943175315857
budget,h128_d36_s2,128,36,2,30000,11.1328,68.844,0.728513240814209
budget,h128_d36_s3,128,36,3,2000,0.0,58.3888,1.0208303928375244
budget,h128_d36_s3,128,36,3,4000,0.9766,63.1342,0.8747333884239197
budget,h128_d36_s3,128,36,3,6000,2.5391,65.0825,0.8070335388183594
budget,h128_d36_s3,128,36,3,8000,4.4922,66.0831,0.8257747292518616
budget,h128_d36_s3,128,36,3,10000,4.4922,67.2188,0.7844555377960205
budget,h128_d36_s3,128,36,3,12000,3.7109,67.4335,0.7493935823440552
budget,h128_d36_s3,128,36,3,14000,4.8828,68.0049,0.7388828992843628
budget,h128_d36_s3,128,36,3,16000,6.8359,67.4262,0.7991194128990173
budget,h128_d36_s3,128,36,3,18000,4.4922,67.3249,0.7665892243385315
budget,h128_d36_s3,128,36,3,20000,6.8359,68.1062,0.7470627427101135
budget,h128_d36_s3,128,36,3,22000,5.0781,67.6022,0.7453510761260986
budget,h128_d36_s3,128,36,3,24000,8.7891,68.1544,0.7583369016647339
budget,h128_d36_s3,128,36,3,26000,6.4453,68.1761,0.7456607222557068
budget,h128_d36_s3,128,36,3,28000,10.7422,68.6632,0.7477052211761475
budget,h128_d36_s3,128,36,3,30000,6.6406,68.3738,0.7443296909332275
budget,h128_d36_s4,128,36,4,2000,0.0,58.7842,1.0051780939102173
budget,h128_d36_s4,128,36,4,4000,2.3438,63.5513,0.8670266270637512
budget,h128_d36_s4,128,36,4,6000,2.5391,65.326,0.8002169728279114
budget,h128_d36_s4,128,36,4,8000,2.7344,66.985,0.7601155042648315
budget,h128_d36_s4,128,36,4,10000,5.0781,68.0821,0.7455395460128784
budget,h128_d36_s4,128,36,4,12000,7.8125,66.8355,0.7870504856109619
budget,h128_d36_s4,128,36,4,14000,2.9297,67.3611,0.7455243468284607
budget,h128_d36_s4,128,36,4,16000,3.5156,67.7421,0.7412979602813721
budget,h128_d36_s4,128,36,4,18000,5.2734,68.058,0.7421972751617432
budget,h128_d36_s4,128,36,4,20000,5.2734,67.8602,0.7416329383850098
budget,h128_d36_s4,128,36,4,22000,5.6641,67.3466,0.7522006630897522
budget,h128_d36_s4,128,36,4,24000,4.2969,67.0235,0.7838590741157532
budget,h128_d36_s4,128,36,4,26000,2.5391,67.1996,0.8027193546295166
budget,h128_d36_s4,128,36,4,28000,3.5156,66.4183,0.7821550965309143
budget,h128_d36_s4,128,36,4,30000,5.0781,66.4979,0.7751449346542358
budget,h128_d9,128,9,0,2000,0.0,58.9193,1.000601053237915
budget,h128_d9,128,9,0,4000,1.7578,63.7249,0.8489264249801636
budget,h128_d9,128,9,0,6000,4.8828,65.9746,0.8342912793159485
budget,h128_d9,128,9,0,8000,3.7109,66.8981,0.7607394456863403
budget,h128_d9,128,9,0,10000,5.6641,66.6016,0.787395179271698
budget,h128_d9,128,9,0,12000,7.2266,67.988,0.7475596070289612
budget,h128_d9,128,9,0,14000,4.4922,67.6649,0.7450988292694092
budget,h128_d9,128,9,0,16000,10.3516,68.8947,0.7273312211036682
budget,h128_d9,128,9,0,18000,6.6406,68.0266,0.7332301139831543
budget,h128_d9,128,9,0,20000,12.1094,68.4293,0.7468488812446594
budget,h128_d9,128,9,0,22000,8.2031,68.9477,0.7179242968559265
budget,h128_d9,128,9,0,24000,5.0781,67.7686,0.7458791732788086
budget,h128_d9,128,9,0,26000,7.8125,68.5667,0.7280585765838623
budget,h128_d9,128,9,0,28000,12.1094,69.1213,0.7519588470458984
budget,h128_d9,128,9,0,30000,5.4688,67.8192,0.7417809367179871
budget,h128_d9_s0,128,9,0,2000,0.0,58.9193,1.000601053237915
budget,h128_d9_s0,128,9,0,4000,1.7578,63.7249,0.8489264249801636
budget,h128_d9_s0,128,9,0,6000,4.8828,65.9746,0.8342912793159485
budget,h128_d9_s0,128,9,0,8000,3.7109,66.8981,0.7607394456863403
budget,h128_d9_s0,128,9,0,10000,5.6641,66.6016,0.787395179271698
budget,h128_d9_s0,128,9,0,12000,7.2266,67.988,0.7475596070289612
budget,h128_d9_s0,128,9,0,14000,4.4922,67.6649,0.7450988292694092
budget,h128_d9_s0,128,9,0,16000,10.3516,68.8947,0.7273312211036682
budget,h128_d9_s0,128,9,0,18000,6.6406,68.0266,0.7332301139831543
budget,h128_d9_s0,128,9,0,20000,12.1094,68.4293,0.7468488812446594
budget,h128_d9_s0,128,9,0,22000,8.2031,68.9477,0.7179242968559265
budget,h128_d9_s0,128,9,0,24000,5.0781,67.7686,0.7458791732788086
budget,h128_d9_s0,128,9,0,26000,7.8125,68.5667,0.7280585765838623
budget,h128_d9_s0,128,9,0,28000,12.1094,69.1213,0.7519588470458984
budget,h128_d9_s0,128,9,0,30000,5.4688,67.8192,0.7417809367179871
budget,h128_d9_s1,128,9,1,2000,0.0,58.654,1.0063754320144653
budget,h128_d9_s1,128,9,1,4000,2.3438,64.159,0.8510990738868713
budget,h128_d9_s1,128,9,1,6000,2.5391,65.8348,0.7864943146705627
budget,h128_d9_s1,128,9,1,8000,4.2969,66.6088,0.7813625335693359
budget,h128_d9_s1,128,9,1,10000,3.3203,67.3177,0.7525710463523865
budget,h128_d9_s1,128,9,1,12000,3.5156,67.1996,0.7481231093406677
budget,h128_d9_s1,128,9,1,14000,2.9297,67.7156,0.7442871332168579
budget,h128_d9_s1,128,9,1,16000,5.2734,67.8747,0.7422761917114258
budget,h128_d9_s1,128,9,1,18000,3.9062,67.7469,0.7393268942832947
budget,h128_d9_s1,128,9,1,20000,8.5938,67.73,0.7739218473434448
budget,h128_d9_s1,128,9,1,22000,4.8828,68.1327,0.7284438610076904
budget,h128_d9_s1,128,9,1,24000,8.5938,68.5257,0.7288059592247009
budget,h128_d9_s1,128,9,1,26000,12.5,68.5475,0.7664804458618164
budget,h128_d9_s1,128,9,1,28000,8.5938,68.0821,0.7406907081604004
budget,h128_d9_s1,128,9,1,30000,10.9375,69.0659,0.7177694439888
budget,h128_d9_s2,128,9,2,2000,0.0,58.6203,1.0107083320617676
budget,h128_d9_s2,128,9,2,4000,1.3672,63.7032,0.8498061299324036
budget,h128_d9_s2,128,9,2,6000,2.5391,65.3043,0.7974579930305481
budget,h128_d9_s2,128,9,2,8000,2.5391,66.6426,0.7616535425186157
budget,h128_d9_s2,128,9,2,10000,4.8828,67.5444,0.7816785573959351
budget,h128_d9_s2,128,9,2,12000,5.0781,67.9181,0.7522933483123779
budget,h128_d9_s2,128,9,2,14000,5.2734,67.5444,0.7575028538703918
budget,h128_d9_s2,128,9,2,16000,5.2734,68.3497,0.7285659313201904
budget,h128_d9_s2,128,9,2,18000,6.6406,68.2123,0.7653751969337463
budget,h128_d9_s2,128,9,2,20000,3.9062,67.5058,0.7574897408485413
budget,h128_d9_s2,128,9,2,22000,5.0781,67.554,0.7461552023887634
budget,h128_d9_s2,128,9,2,24000,4.4922,67.8144,0.7448163032531738
budget,h128_d9_s2,128,9,2,26000,11.3281,68.7379,0.7528268694877625
budget,h128_d9_s2,128,9,2,28000,5.8594,68.1327,0.7301139831542969
budget,h128_d9_s2,128,9,2,30000,5.2734,67.4093,0.7468312382698059
budget,h128_d9_s3,128,9,3,2000,0.0,58.2489,1.0155529975891113
budget,h128_d9_s3,128,9,3,4000,1.3672,63.3584,0.8651063442230225
budget,h128_d9_s3,128,9,3,6000,2.5391,64.7352,0.834124743938446
budget,h128_d9_s3,128,9,3,8000,2.7344,66.4448,0.7795259952545166
budget,h128_d9_s3,128,9,3,10000,2.5391,66.833,0.7598939538002014
budget,h128_d9_s3,128,9,3,12000,2.9297,67.501,0.7457465529441833
budget,h128_d9_s3,128,9,3,14000,2.7344,67.0091,0.7517043352127075
budget,h128_d9_s3,128,9,3,16000,10.3516,67.9229,0.7922447919845581
budget,h128_d9_s3,128,9,3,18000,10.3516,68.3329,0.7696695923805237
budget,h128_d9_s3,128,9,3,20000,6.4453,67.5492,0.754115879535675
budget,h128_d9_s3,128,9,3,22000,10.5469,67.7927,0.7977303266525269
budget,h128_d9_s3,128,9,3,24000,10.7422,67.6432,0.7812777161598206
budget,h128_d9_s3,128,9,3,26000,5.4688,67.4503,0.7543843984603882
budget,h128_d9_s3,128,9,3,28000,8.7891,68.9743,0.7190616726875305
budget,h128_d9_s3,128,9,3,30000,5.8594,67.8217,0.7426215410232544
budget,h128_d9_s4,128,9,4,2000,0.0,58.7481,0.9997625350952148
budget,h128_d9_s4,128,9,4,4000,1.9531,64.0456,0.8570868968963623
budget,h128_d9_s4,128,9,4,6000,2.7344,65.7624,0.7931444644927979
budget,h128_d9_s4,128,9,4,8000,2.5391,66.6305,0.7592417597770691
budget,h128_d9_s4,128,9,4,10000,8.2031,66.2495,0.9253696799278259
budget,h128_d9_s4,128,9,4,12000,5.4688,67.9446,0.7371405363082886
budget,h128_d9_s4,128,9,4,14000,5.6641,68.1183,0.738761842250824
budget,h128_d9_s4,128,9,4,16000,7.4219,68.4534,0.7355615496635437
budget,h128_d9_s4,128,9,4,18000,6.25,67.8988,0.7466540932655334
budget,h128_d9_s4,128,9,4,20000,6.4453,67.7638,0.7468647956848145
budget,h128_d9_s4,128,9,4,22000,6.0547,68.2364,0.7293150424957275
budget,h128_d9_s4,128,9,4,24000,9.7656,68.7331,0.7375872135162354
budget,h128_d9_s4,128,9,4,26000,5.4688,67.7083,0.7401704788208008
budget,h128_d9_s4,128,9,4,28000,7.4219,68.017,0.7343541979789734
budget,h128_d9_s4,128,9,4,30000,3.3203,67.5082,0.7397915720939636
scale,h128_d18,128,18,0,328,0.0,11.0894,2.44238018989563
scale,h128_d18,128,18,0,656,0.0,15.9578,2.188417434692383
scale,h128_d18,128,18,0,984,0.0,38.3825,1.7347334623336792
scale,h128_d18,128,18,0,1312,0.0,48.7727,1.4226316213607788
scale,h128_d18,128,18,0,1640,0.0,56.5996,1.1039012670516968
scale,h128_d18,128,18,0,1968,0.0,58.9313,1.0103310346603394
scale,h128_d18,128,18,0,2296,0.0,59.7343,0.9549279808998108
scale,h128_d18,128,18,0,2624,0.0,60.8652,0.9286414980888367
scale,h128_d18,128,18,0,2952,0.1953,61.9092,0.8952257037162781
scale,h128_d18,128,18,0,3280,0.3906,62.6857,0.8860705494880676
scale,h128_d18,128,18,0,3608,0.7812,63.2837,0.8605226278305054
scale,h128_d18,128,18,0,3936,1.9531,63.6237,0.8633325099945068
scale,h128_d9,128,9,0,328,0.0,11.1376,2.427564859390259
scale,h128_d9,128,9,0,656,0.0,17.3515,2.1782379150390625
scale,h128_d9,128,9,0,984,0.0,39.1951,1.702426552772522
scale,h128_d9,128,9,0,1312,0.0,49.3731,1.3997927904129028
scale,h128_d9,128,9,0,1640,0.0,56.6117,1.0939191579818726
scale,h128_d9,128,9,0,1968,0.0,58.9096,1.0066801309585571
scale,h128_d9,128,9,0,2296,0.0,59.5655,0.9529675245285034
scale,h128_d9,128,9,0,2624,0.0,60.9254,0.925542414188385
scale,h128_d9,128,9,0,2952,0.0,62.0611,0.9016371369361877
scale,h128_d9,128,9,0,3280,0.5859,62.7194,0.8889514207839966
scale,h128_d9,128,9,0,3608,0.9766,63.3198,0.8609662055969238
scale,h128_d9,128,9,0,3936,1.1719,63.8985,0.8406155109405518
scale,h256_d18,256,18,0,328,0.0,11.3016,2.3919548988342285
scale,h256_d18,256,18,0,656,0.0,25.9476,2.092136859893799
scale,h256_d18,256,18,0,984,0.0,43.5113,1.5421186685562134
scale,h256_d18,256,18,0,1312,0.0,52.9948,1.246904730796814
scale,h256_d18,256,18,0,1640,0.0,57.5593,1.0184409618377686
scale,h256_d18,256,18,0,1968,0.0,58.6613,0.9710372686386108
scale,h256_d18,256,18,0,2296,0.0,59.8862,0.9191768765449524
scale,h256_d18,256,18,0,2624,0.0,60.7904,0.8912594318389893
scale,h256_d18,256,18,0,2952,0.1953,62.283,0.8657408356666565
scale,h256_d18,256,18,0,3280,0.3906,62.7122,0.8580540418624878
scale,h256_d18,256,18,0,3608,1.3672,63.6068,0.844131350517273
scale,h256_d18,256,18,0,3936,1.9531,64.0215,0.8335409760475159
scale,h256_d9,256,9,0,328,0.0,11.8007,2.3571484088897705
scale,h256_d9,256,9,0,656,0.0,27.7705,2.056633234024048
scale,h256_d9,256,9,0,984,0.0,44.2781,1.5323854684829712
scale,h256_d9,256,9,0,1312,0.0,53.3685,1.2291847467422485
scale,h256_d9,256,9,0,1640,0.0,57.6413,1.0158677101135254
scale,h256_d9,256,9,0,1968,0.0,58.7481,0.9710270166397095
scale,h256_d9,256,9,0,2296,0.0,59.9513,0.918670654296875
scale,h256_d9,256,9,0,2624,0.0,60.8869,0.9179729223251343
scale,h256_d9,256,9,0,2952,0.0,62.1214,0.8714560866355896
scale,h256_d9,256,9,0,3280,0.5859,62.2758,0.8640375137329102
scale,h256_d9,256,9,0,3608,1.7578,63.6815,0.8558860421180725
scale,h256_d9,256,9,0,3936,0.9766,63.9636,0.8263278603553772
scale,h384_d18,384,18,0,328,0.0,12.3915,2.3459246158599854
scale,h384_d18,384,18,0,656,0.0,32.2772,1.9538205862045288
scale,h384_d18,384,18,0,984,0.0,45.3559,1.4819611310958862
scale,h384_d18,384,18,0,1312,0.0,54.6417,1.1782268285751343
scale,h384_d18,384,18,0,1640,0.0,58.2393,0.9810960292816162
scale,h384_d18,384,18,0,1968,0.0,58.5528,0.9680609107017517
scale,h384_d18,384,18,0,2296,0.0,60.3709,0.9059324264526367
scale,h384_d18,384,18,0,2624,0.1953,61.2847,0.9445561170578003
scale,h384_d18,384,18,0,2952,0.3906,62.9509,0.8466085195541382
scale,h384_d18,384,18,0,3280,2.1484,63.139,0.9340665340423584
scale,h384_d18,384,18,0,3608,1.9531,64.5592,0.8068890571594238
scale,h384_d18,384,18,0,3936,2.3438,65.0415,0.8105441927909851
scale,h384_d9,384,9,0,328,0.0,12.6061,2.3029356002807617
scale,h384_d9,384,9,0,656,0.0,33.777,1.8847477436065674
scale,h384_d9,384,9,0,984,0.0,46.1227,1.4612445831298828
scale,h384_d9,384,9,0,1312,0.0,54.6682,1.1604597568511963
scale,h384_d9,384,9,0,1640,0.0,58.2224,0.9778487086296082
scale,h384_d9,384,9,0,1968,0.0,58.8976,0.9596182107925415
scale,h384_d9,384,9,0,2296,0.0,60.3009,0.9079187512397766
scale,h384_d9,384,9,0,2624,0.0,60.9833,0.9368827939033508
scale,h384_d9,384,9,0,2952,0.7812,62.7797,0.8487676978111267
scale,h384_d9,384,9,0,3280,0.7812,63.2427,0.8495458364486694
scale,h384_d9,384,9,0,3608,2.5391,64.0408,0.858113169670105
scale,h384_d9,384,9,0,3936,2.1484,64.2241,0.8272671699523926
scale,h512_d18,512,18,0,328,0.0,13.2668,2.2890710830688477
scale,h512_d18,512,18,0,656,0.0,37.7676,1.7162365913391113
scale,h512_d18,512,18,0,984,0.0,48.0372,1.395965576171875
scale,h512_d18,512,18,0,1312,0.0,55.3217,1.1288129091262817
scale,h512_d18,512,18,0,1640,0.0,57.9282,0.9727954268455505
scale,h512_d18,512,18,0,1968,0.0,59.3702,0.9779683351516724
scale,h512_d18,512,18,0,2296,0.0,60.3082,0.9092177748680115
scale,h512_d18,512,18,0,2624,0.3906,61.4511,0.9089593887329102
scale,h512_d18,512,18,0,2952,0.3906,62.9461,0.8490319848060608
scale,h512_d18,512,18,0,3280,1.3672,63.2547,0.8717272281646729
scale,h512_d18,512,18,0,3608,2.5391,64.7425,0.807900071144104
scale,h512_d18,512,18,0,3936,2.3438,65.0342,0.7983524799346924
scale,h512_d9,512,9,0,328,0.0,13.4983,2.2478277683258057
scale,h512_d9,512,9,0,656,0.0,38.8744,1.6598150730133057
scale,h512_d9,512,9,0,984,0.0,48.6521,1.3803386688232422
scale,h512_d9,512,9,0,1312,0.0,55.5025,1.1264188289642334
scale,h512_d9,512,9,0,1640,0.0,58.0729,0.9727820754051208
scale,h512_d9,512,9,0,1968,0.0,59.1532,0.9765188694000244
scale,h512_d9,512,9,0,2296,0.0,60.489,0.9098362922668457
scale,h512_d9,512,9,0,2624,0.1953,61.6826,0.9083981513977051
scale,h512_d9,512,9,0,2952,0.7812,62.8737,0.8476515412330627
scale,h512_d9,512,9,0,3280,2.3438,63.2403,0.8724299073219299
scale,h512_d9,512,9,0,3608,2.5391,64.3398,0.8201098442077637
scale,h512_d9,512,9,0,3936,5.2734,64.634,1.0125223398208618
scale,h768_d18,768,18,0,328,0.0,15.3598,2.2008204460144043
scale,h768_d18,768,18,0,656,0.0,39.8389,1.5875338315963745
scale,h768_d18,768,18,0,984,0.0,48.3627,1.383870005607605
scale,h768_d18,768,18,0,1312,0.0,55.0395,1.148560881614685
scale,h768_d18,768,18,0,1640,0.0,57.4243,1.0108072757720947
scale,h768_d18,768,18,0,1968,0.0,58.3671,1.0379403829574585
scale,h768_d18,768,18,0,2296,0.0,60.0863,0.9320882558822632
scale,h768_d18,768,18,0,2624,0.0,61.4294,0.9629256725311279
scale,h768_d18,768,18,0,2952,0.9766,62.1648,0.8801178336143494
scale,h768_d18,768,18,0,3280,1.9531,63.2957,0.8664827346801758
scale,h768_d18,768,18,0,3608,2.3438,63.45,0.8678281903266907
scale,h768_d18,768,18,0,3936,2.1484,64.5182,0.8404145836830139
scale,h768_d9,768,9,0,328,0.0,16.3749,2.188215494155884
scale,h768_d9,768,9,0,656,0.0,40.3091,1.5725020170211792
scale,h768_d9,768,9,0,984,0.0,48.6352,1.3740880489349365
scale,h768_d9,768,9,0,1312,0.0,55.1698,1.1312000751495361
scale,h768_d9,768,9,0,1640,0.0,57.5183,1.0074357986450195
scale,h768_d9,768,9,0,1968,0.0,58.4997,1.0213518142700195
scale,h768_d9,768,9,0,2296,0.0,60.2334,0.9389955401420593
scale,h768_d9,768,9,0,2624,0.5859,61.3739,0.9456841349601746
scale,h768_d9,768,9,0,2952,0.5859,63.004,0.858963131904602
scale,h768_d9,768,9,0,3280,1.5625,62.8159,0.9385510087013245
scale,h768_d9,768,9,0,3608,1.9531,64.3157,0.8156095147132874
scale,h768_d9,768,9,0,3936,0.3906,64.8076,0.8040591478347778
maze,h128_d18,128,18,0,265,0.0,49.1567,1.3000153303146362
maze,h128_d18,128,18,0,530,0.0,71.0213,0.8009020090103149
maze,h128_d18,128,18,0,795,0.0,87.1649,0.43257707357406616
maze,h128_d18,128,18,0,1060,0.0,81.4635,0.6340208649635315
maze,h128_d18,128,18,0,1325,0.0,81.9306,0.7234058380126953
maze,h128_d18,128,18,0,1590,0.0,81.6476,0.7864224314689636
maze,h128_d18,128,18,0,1855,0.0,81.7548,0.8177450299263
maze,h128_d18,128,18,0,2120,0.0,81.8733,0.8029902577400208
maze,h128_d18,128,18,0,2385,0.0,82.3273,0.7339726686477661
maze,h128_d18,128,18,0,2650,0.0,81.5143,0.8064834475517273
maze,h128_d18,128,18,0,2915,0.0,82.1519,0.7741718292236328
maze,h128_d18,128,18,0,3180,0.0,81.8954,0.7631347179412842
maze,h128_d18,128,18,0,3445,0.0,83.4518,0.7487695217132568
maze,h128_d18,128,18,0,3710,0.0,82.5469,0.8752982020378113
maze,h128_d18,128,18,0,3975,0.0,82.9479,0.8321046829223633
maze,h128_d18_s0,128,18,0,500,0.0,65.3503,0.8948811292648315
maze,h128_d18_s0,128,18,0,1000,0.0,82.1282,0.5647909641265869
maze,h128_d18_s0,128,18,0,1500,0.0,82.0422,0.7253860235214233
maze,h128_d18_s0,128,18,0,2000,0.0,81.4796,0.8088586330413818
maze,h128_d18_s0,128,18,0,2500,0.0,81.4165,0.8288818597793579
maze,h128_d18_s0,128,18,0,3000,0.0,81.821,0.808856189250946
maze,h128_d18_s0,128,18,0,3500,0.0,78.6157,0.956581175327301
maze,h128_d18_s0,128,18,0,4000,0.0,81.7277,0.9298096299171448
maze,h128_d18_s0,128,18,0,4500,0.0,81.7787,0.9512714743614197
maze,h128_d18_s0,128,18,0,5000,0.0,83.7861,0.885140061378479
maze,h128_d18_s0,128,18,0,5500,0.0,80.5887,0.8904915452003479
maze,h128_d18_s0,128,18,0,6000,0.0,82.9593,0.9239574670791626
maze,h128_d18_s0,128,18,0,6500,0.0,82.9133,0.8616694211959839
maze,h128_d18_s0,128,18,0,7000,0.0,83.467,0.916220486164093
maze,h128_d18_s0,128,18,0,7500,0.0,81.4254,1.0814669132232666
maze,h128_d18_s0,128,18,0,8000,0.0,82.9088,0.9301448464393616
maze,h128_d18_s1,128,18,1,500,0.0,67.3673,0.8573855757713318
maze,h128_d18_s1,128,18,1,1000,0.0,82.205,0.5683494210243225
maze,h128_d18_s1,128,18,1,1500,0.0,82.1187,0.7229718565940857
maze,h128_d18_s1,128,18,1,2000,0.0,82.4706,0.7602494955062866
maze,h128_d18_s1,128,18,1,2500,0.0,83.2208,0.7443532347679138
maze,h128_d18_s1,128,18,1,3000,0.0,82.4233,0.8050126433372498
maze,h128_d18_s1,128,18,1,3500,0.0,82.1169,0.8119103312492371
maze,h128_d18_s1,128,18,1,4000,0.0,81.9392,0.77813720703125
maze,h128_d18_s1,128,18,1,4500,0.0,81.1216,0.8419353365898132
maze,h128_d18_s1,128,18,1,5000,0.0,83.9111,0.746126115322113
maze,h128_d18_s1,128,18,1,5500,0.0,82.8158,0.7515531182289124
maze,h128_d18_s1,128,18,1,6000,0.0,84.4841,0.7180097103118896
maze,h128_d18_s1,128,18,1,6500,0.0,84.0114,0.7734877467155457
maze,h128_d18_s1,128,18,1,7000,0.0,82.9688,0.8175383806228638
maze,h128_d18_s1,128,18,1,7500,0.0,81.6434,0.8135735988616943
maze,h128_d18_s1,128,18,1,8000,0.0,83.7438,0.8590415120124817
maze,h128_d18_s2,128,18,2,500,0.0,79.9392,0.6596935987472534
maze,h128_d18_s2,128,18,2,1000,0.0,82.2413,0.5925031900405884
maze,h128_d18_s2,128,18,2,1500,0.0,80.4167,0.7969208359718323
maze,h128_d18_s2,128,18,2,2000,0.0,82.5729,0.6949822902679443
maze,h128_d18_s2,128,18,2,2500,0.0,82.4034,0.7980034947395325
maze,h128_d18_s2,128,18,2,3000,0.0,82.19,0.8619633316993713
maze,h128_d18_s2,128,18,2,3500,0.0,82.0231,0.8772193789482117
maze,h128_d18_s2,128,18,2,4000,0.0,82.6948,0.8325954675674438
maze,h128_d18_s2,128,18,2,4500,0.0,81.7995,0.8488759398460388
maze,h128_d18_s2,128,18,2,5000,0.0,81.1156,0.9419605135917664
maze,h128_d18_s2,128,18,2,5500,0.0,82.4746,0.8609451651573181
maze,h128_d18_s2,128,18,2,6000,0.0,82.3857,0.8513718247413635
maze,h128_d18_s2,128,18,2,6500,0.0,83.1704,0.8558711409568787
maze,h128_d18_s2,128,18,2,7000,0.0,81.339,0.9875044226646423
maze,h128_d18_s2,128,18,2,7500,0.0,84.0169,0.81718510389328
maze,h128_d18_s2,128,18,2,8000,0.0,83.4848,0.8728389739990234
maze,h128_d9,128,9,0,265,0.0,49.5447,1.2521051168441772
maze,h128_d9,128,9,0,530,0.0,68.4644,0.844748854637146
maze,h128_d9,128,9,0,795,0.0,87.1727,0.42882606387138367
maze,h128_d9,128,9,0,1060,0.0,81.6797,0.6186745762825012
maze,h128_d9,128,9,0,1325,0.0,81.3941,0.7110002040863037
maze,h128_d9,128,9,0,1590,0.0,81.9674,0.767876923084259
maze,h128_d9,128,9,0,1855,0.0,81.7643,0.7732649445533752
maze,h128_d9,128,9,0,2120,0.0,81.9006,0.7805706858634949
maze,h128_d9,128,9,0,2385,0.0,81.6016,0.818309485912323
maze,h128_d9,128,9,0,2650,0.0,82.4223,0.7980219125747681
maze,h128_d9,128,9,0,2915,0.0,83.5703,0.7602317333221436
maze,h128_d9,128,9,0,3180,0.0,83.51,0.7927566766738892
maze,h128_d9,128,9,0,3445,0.0,83.2765,0.7931680679321289
maze,h128_d9,128,9,0,3710,0.0,82.4162,0.8741222620010376
maze,h128_d9,128,9,0,3975,0.0,81.7713,0.8759667277336121
maze,h128_d9_s0,128,9,0,500,0.0,63.7401,0.9142955541610718
maze,h128_d9_s0,128,9,0,1000,0.0,82.3091,0.5747311115264893
maze,h128_d9_s0,128,9,0,1500,0.0,81.7846,0.7170741558074951
maze,h128_d9_s0,128,9,0,2000,0.0,82.1752,0.7736667990684509
maze,h128_d9_s0,128,9,0,2500,0.0,82.3366,0.7607589364051819
maze,h128_d9_s0,128,9,0,3000,0.0,83.2354,0.77996826171875
maze,h128_d9_s0,128,9,0,3500,0.0,83.4177,0.8102768659591675
maze,h128_d9_s0,128,9,0,4000,0.0,83.2696,0.8718136548995972
maze,h128_d9_s0,128,9,0,4500,0.0,83.7335,0.839491069316864
maze,h128_d9_s0,128,9,0,5000,0.0,84.1638,0.8195039629936218
maze,h128_d9_s0,128,9,0,5500,0.0,83.8101,0.8821993470191956
maze,h128_d9_s0,128,9,0,6000,0.0,82.7834,0.8569014072418213
maze,h128_d9_s0,128,9,0,6500,0.0,83.7793,0.8767063617706299
maze,h128_d9_s0,128,9,0,7000,0.0,84.0442,0.9416627883911133
maze,h128_d9_s0,128,9,0,7500,0.0,83.3144,0.9038138389587402
maze,h128_d9_s0,128,9,0,8000,0.0,84.1479,0.7709430456161499
maze,h128_d9_s1,128,9,1,500,0.0,66.1783,0.875382661819458
maze,h128_d9_s1,128,9,1,1000,0.0,81.8741,0.5749586224555969
maze,h128_d9_s1,128,9,1,1500,0.0,81.9738,0.7256118655204773
maze,h128_d9_s1,128,9,1,2000,0.0,82.6231,0.7432955503463745
maze,h128_d9_s1,128,9,1,2500,0.0,83.6618,0.7339717745780945
maze,h128_d9_s1,128,9,1,3000,0.0,81.7469,0.8030445575714111
maze,h128_d9_s1,128,9,1,3500,0.0,83.2011,0.7894312143325806
maze,h128_d9_s1,128,9,1,4000,0.0,82.7922,0.8101346492767334
maze,h128_d9_s1,128,9,1,4500,0.0,83.9766,0.8192431926727295
maze,h128_d9_s1,128,9,1,5000,0.0,83.8282,0.8257054686546326
maze,h128_d9_s1,128,9,1,5500,0.0,82.6099,0.8769782185554504
maze,h128_d9_s1,128,9,1,6000,0.0,82.0514,0.9381367564201355
maze,h128_d9_s1,128,9,1,6500,0.0,84.056,0.8286145925521851
maze,h128_d9_s1,128,9,1,7000,0.0,84.2758,0.8782609105110168
maze,h128_d9_s1,128,9,1,7500,0.0,85.0564,0.9198318719863892
maze,h128_d9_s1,128,9,1,8000,0.0,83.6906,0.9228621125221252
maze,h128_d9_s2,128,9,2,500,0.0,79.0923,0.672629714012146
maze,h128_d9_s2,128,9,2,1000,0.0,82.3285,0.597643256187439
maze,h128_d9_s2,128,9,2,1500,0.0,82.0292,0.7210021018981934
maze,h128_d9_s2,128,9,2,2000,0.0,81.5641,0.7817798256874084
maze,h128_d9_s2,128,9,2,2500,0.0,80.5648,0.8447585105895996
maze,h128_d9_s2,128,9,2,3000,0.0,82.0786,0.7797051668167114
maze,h128_d9_s2,128,9,2,3500,0.0,82.5473,0.7829985022544861
maze,h128_d9_s2,128,9,2,4000,0.0,82.1304,0.8560550808906555
maze,h128_d9_s2,128,9,2,4500,0.0,82.8271,0.8456043004989624
maze,h128_d9_s2,128,9,2,5000,0.0,80.651,0.8989564776420593
maze,h128_d9_s2,128,9,2,5500,0.0,83.5009,0.8427172899246216
maze,h128_d9_s2,128,9,2,6000,0.0,82.5198,0.8609988689422607
maze,h128_d9_s2,128,9,2,6500,0.0,85.0019,0.739462673664093
maze,h128_d9_s2,128,9,2,7000,0.0,85.6346,0.8001630902290344
maze,h128_d9_s2,128,9,2,7500,0.0,82.5346,0.9550941586494446
maze,h128_d9_s2,128,9,2,8000,0.0,85.799,0.7518332600593567
converge,h128_d36_converge_s0,128,36,0,2000,0.0,58.7071,1.0004465579986572
converge,h128_d36_converge_s0,128,36,0,4000,2.1484,64.1758,0.8494113087654114
converge,h128_d36_converge_s0,128,36,0,6000,2.9297,65.4851,0.8113341927528381
converge,h128_d36_converge_s0,128,36,0,8000,3.125,66.7004,0.7664502263069153
converge,h128_d36_converge_s0,128,36,0,10000,5.0781,67.6095,0.7500706911087036
converge,h128_d36_converge_s0,128,36,0,12000,7.2266,67.0211,0.7540110349655151
converge,h128_d36_converge_s0,128,36,0,14000,12.1094,67.7975,0.7883646488189697
converge,h128_d36_converge_s0,128,36,0,16000,5.4688,67.8434,0.7371492385864258
converge,h128_d36_converge_s0,128,36,0,18000,7.2266,68.1544,0.7328282594680786
converge,h128_d36_converge_s0,128,36,0,20000,10.9375,68.0218,0.7391699552536011
converge,h128_d36_converge_s0,128,36,0,22000,9.1797,68.832,0.7230433821678162
converge,h128_d36_converge_s0,128,36,0,24000,11.3281,68.4462,0.7303227186203003
converge,h128_d36_converge_s0,128,36,0,26000,12.5,68.3521,0.7386768460273743
converge,h128_d36_converge_s0,128,36,0,28000,10.1562,68.8754,0.7207195162773132
converge,h128_d36_converge_s0,128,36,0,30000,8.0078,67.3394,0.7579150199890137
converge,h128_d36_converge_s0,128,36,0,32000,9.375,68.697,0.7205266952514648
converge,h128_d36_converge_s0,128,36,0,34000,3.9062,66.3074,0.7796874642372131
converge,h128_d36_converge_s0,128,36,0,36000,16.7969,68.9381,0.7402494549751282
converge,h128_d36_converge_s0,128,36,0,38000,5.4688,67.595,0.7456711530685425
converge,h128_d36_converge_s0,128,36,0,40000,4.1016,66.0759,0.8068251609802246
converge,h128_d36_converge_s0,128,36,0,42000,7.6172,68.7765,0.7306787371635437
converge,h128_d36_converge_s0,128,36,0,44000,4.4922,66.7004,0.7849188446998596
converge,h128_d36_converge_s0,128,36,0,46000,4.2969,67.2068,0.7530865669250488
converge,h128_d36_converge_s0,128,36,0,48000,4.2969,65.7769,0.8000383973121643
converge,h128_d36_converge_s0,128,36,0,50000,12.8906,69.008,0.7281704545021057
converge,h128_d36_converge_s0,128,36,0,52000,15.2344,69.3552,0.7308053970336914
converge,h128_d36_converge_s0,128,36,0,54000,3.7109,66.9584,0.7590577602386475
converge,h128_d36_converge_s0,128,36,0,56000,5.8594,66.9319,0.7704823017120361
converge,h128_d36_converge_s0,128,36,0,58000,6.4453,66.6594,0.7835922241210938
converge,h128_d36_converge_s0,128,36,0,60000,4.2969,67.5733,0.7447449564933777
converge,h128_d36_converge_s0,128,36,0,62000,13.6719,67.8651,0.8111812472343445
converge,h128_d36_converge_s0,128,36,0,64000,4.2969,65.6443,0.8329506516456604
converge,h128_d36_converge_s0,128,36,0,66000,0.5859,64.9788,0.8159139752388
converge,h128_d36_converge_s0,128,36,0,68000,5.8594,66.8475,0.7853808403015137
converge,h128_d36_converge_s0,128,36,0,70000,9.1797,67.7879,0.7461841702461243
converge,h128_d36_converge_s0,128,36,0,72000,6.25,66.5099,0.7701181173324585
converge,h128_d36_converge_s0,128,36,0,74000,7.8125,67.4455,0.7525347471237183
converge,h128_d36_converge_s0,128,36,0,76000,7.6172,68.2292,0.7386065721511841
converge,h128_d36_converge_s0,128,36,0,78000,17.1875,69.6808,0.7028747200965881
converge,h128_d36_converge_s0,128,36,0,80000,10.3516,68.545,0.7266921401023865
