2026/06/27 19:53:30.604, 25.79, 0, 41
2026/06/27 19:53:31.607, 23.65, 0, 41
2026/06/27 19:53:32.607, 15.61, 0, 41
2026/06/27 19:53:33.607, 13.12, 0, 43
2026/06/27 19:53:34.607, 16.18, 0, 242
2026/06/27 19:53:35.607, 22.32, 0, 282
2026/06/27 19:53:36.607, 21.59, 0, 282
2026/06/27 19:53:37.608, 21.58, 0, 282
2026/06/27 19:53:38.608, 21.36, 0, 282
2026/06/27 19:53:39.608, 21.14, 0, 282
2026/06/27 19:53:40.608, 21.02, 0, 282
2026/06/27 19:53:41.608, 51.48, 86, 574
2026/06/27 19:53:42.608, 63.90, 0, 714
2026/06/27 19:53:43.609, 38.70, 0, 714
2026/06/27 19:53:44.609, 25.69, 0, 714
2026/06/27 19:53:45.609, 24.50, 0, 714
2026/06/27 19:53:46.609, 20.50, 0, 714
2026/06/27 19:53:47.609, 20.50, 0, 714
2026/06/27 19:53:48.610, 20.48, 0, 714
2026/06/27 19:53:49.610, 20.27, 0, 714
2026/06/27 19:53:50.610, 20.25, 0, 716
2026/06/27 19:53:51.611, 20.29, 0, 716
2026/06/27 19:53:52.611, 77.42, 98, 716
2026/06/27 19:53:53.611, 116.20, 98, 796
2026/06/27 19:53:54.611, 114.04, 99, 818
2026/06/27 19:53:55.611, 104.11, 98, 1798
2026/06/27 19:53:56.611, 106.52, 98, 4480
2026/06/27 19:53:57.612, 54.36, 0, 4482
2026/06/27 19:53:58.612, 26.92, 0, 4482
2026/06/27 19:53:59.612, 25.24, 0, 4482
2026/06/27 19:54:00.612, 19.97, 0, 4482
2026/06/27 19:54:01.612, 83.98, 99, 4650
2026/06/27 19:54:02.612, 109.37, 96, 4774
2026/06/27 19:54:03.613, 131.85, 100, 4774
2026/06/27 19:54:04.613, 152.18, 100, 4774
2026/06/27 19:54:05.613, 152.56, 99, 4774
2026/06/27 19:54:06.613, 152.61, 98, 4774
2026/06/27 19:54:07.613, 151.85, 98, 4774
2026/06/27 19:54:08.613, 153.06, 100, 4774
2026/06/27 19:54:09.614, 153.18, 100, 4774
2026/06/27 19:54:10.614, 153.22, 100, 4774
2026/06/27 19:54:11.614, 153.99, 99, 4774
2026/06/27 19:54:12.614, 153.10, 90, 4774
2026/06/27 19:54:13.614, 153.91, 98, 4774
2026/06/27 19:54:14.615, 154.30, 98, 4774
2026/06/27 19:54:15.615, 153.89, 100, 4774
2026/06/27 19:54:16.615, 153.54, 100, 4774
2026/06/27 19:54:17.615, 154.16, 98, 4774
2026/06/27 19:54:18.615, 154.46, 100, 4774
2026/06/27 19:54:19.615, 154.59, 100, 4774
2026/06/27 19:54:20.616, 154.85, 98, 4774
2026/06/27 19:54:21.616, 154.28, 100, 4774
2026/06/27 19:54:22.616, 154.30, 100, 4774
2026/06/27 19:54:23.616, 154.52, 100, 4774
2026/06/27 19:54:24.616, 154.41, 100, 4774
2026/06/27 19:54:25.617, 154.89, 100, 4774
2026/06/27 19:54:26.617, 154.56, 98, 4774
2026/06/27 19:54:27.617, 154.88, 98, 4774
2026/06/27 19:54:28.617, 155.02, 99, 4774
2026/06/27 19:54:29.617, 154.89, 100, 4774
2026/06/27 19:54:30.617, 155.34, 100, 4774
2026/06/27 19:54:31.618, 155.30, 100, 4774
2026/06/27 19:54:32.618, 154.96, 98, 4774
2026/06/27 19:54:33.618, 154.94, 98, 4774
2026/06/27 19:54:34.618, 155.17, 100, 4774
2026/06/27 19:54:35.618, 154.97, 100, 4774
2026/06/27 19:54:36.619, 155.05, 100, 4774
2026/06/27 19:54:37.619, 155.51, 98, 4774
2026/06/27 19:54:38.619, 154.92, 98, 4774
2026/06/27 19:54:39.619, 155.03, 99, 4774
2026/06/27 19:54:40.619, 154.96, 100, 4774
2026/06/27 19:54:41.619, 155.53, 100, 4774
2026/06/27 19:54:42.620, 155.56, 98, 4774
2026/06/27 19:54:43.628, 155.57, 98, 4774
2026/06/27 19:54:44.628, 155.57, 98, 4774
2026/06/27 19:54:45.628, 156.13, 100, 4774
2026/06/27 19:54:46.629, 155.91, 100, 4774
2026/06/27 19:54:47.629, 156.19, 100, 4774
2026/06/27 19:54:48.629, 155.68, 99, 4774
2026/06/27 19:54:49.629, 156.15, 98, 4774
2026/06/27 19:54:50.629, 155.99, 98, 4774
2026/06/27 19:54:51.630, 155.92, 100, 4774
2026/06/27 19:54:52.630, 155.75, 100, 4774
2026/06/27 19:54:53.630, 156.26, 99, 4774
2026/06/27 19:54:54.630, 155.95, 98, 4774
2026/06/27 19:54:55.630, 155.72, 98, 4774
2026/06/27 19:54:56.630, 156.50, 100, 4774
2026/06/27 19:54:57.631, 156.16, 100, 4774
2026/06/27 19:54:58.639, 155.79, 100, 4774
2026/06/27 19:54:59.639, 155.91, 99, 4774
2026/06/27 19:55:00.639, 155.57, 98, 4774
2026/06/27 19:55:01.640, 155.83, 100, 4774
2026/06/27 19:55:02.640, 155.99, 100, 4774
2026/06/27 19:55:03.640, 155.97, 100, 4774
2026/06/27 19:55:04.640, 155.91, 98, 4774
2026/06/27 19:55:05.640, 156.15, 98, 4774
2026/06/27 19:55:06.640, 156.56, 98, 4774
2026/06/27 19:55:07.641, 155.41, 100, 4774
2026/06/27 19:55:08.641, 156.59, 100, 4774
2026/06/27 19:55:09.641, 156.50, 98, 4774
2026/06/27 19:55:10.641, 149.76, 44, 4774
2026/06/27 19:55:11.641, 34.17, 0, 4774
2026/06/27 19:55:12.641, 26.70, 0, 4774
2026/06/27 19:55:13.642, 24.27, 0, 4774
2026/06/27 19:55:14.642, 21.83, 0, 4774
2026/06/27 19:55:15.642, 21.82, 0, 4774
2026/06/27 19:55:16.642, 21.47, 0, 4774
2026/06/27 19:55:17.642, 21.23, 0, 4774
2026/06/27 19:55:18.643, 21.22, 0, 4774
2026/06/27 19:55:19.651, 20.82, 0, 4774
2026/06/27 19:55:20.652, 20.71, 0, 4774
2026/06/27 19:55:21.652, 20.65, 0, 4774
2026/06/27 19:55:22.652, 20.73, 0, 4774
2026/06/27 19:55:23.652, 63.45, 97, 4774
2026/06/27 19:55:24.652, 114.49, 98, 4774
2026/06/27 19:55:25.652, 110.97, 98, 4774
2026/06/27 19:55:26.652, 114.06, 90, 4774
2026/06/27 19:55:27.653, 155.20, 100, 4774
2026/06/27 19:55:28.653, 155.45, 98, 4774
2026/06/27 19:55:29.653, 155.78, 100, 4774
2026/06/27 19:55:30.653, 155.42, 100, 4774
2026/06/27 19:55:31.653, 155.94, 100, 4774
2026/06/27 19:55:32.653, 156.38, 100, 4774
2026/06/27 19:55:33.654, 156.15, 100, 4774
2026/06/27 19:55:34.654, 156.60, 100, 4774
2026/06/27 19:55:35.654, 143.86, 98, 4774
2026/06/27 19:55:36.654, 154.40, 100, 4774
2026/06/27 19:55:37.654, 154.72, 100, 4774
2026/06/27 19:55:38.654, 154.46, 100, 4774
2026/06/27 19:55:39.655, 154.75, 98, 4774
2026/06/27 19:55:40.655, 154.22, 98, 4774
2026/06/27 19:55:41.655, 154.45, 98, 4774
2026/06/27 19:55:42.655, 154.40, 100, 4774
2026/06/27 19:55:43.655, 154.39, 100, 4774
2026/06/27 19:55:44.655, 154.75, 100, 4774
2026/06/27 19:55:45.663, 153.52, 98, 4774
2026/06/27 19:55:46.663, 155.05, 98, 4774
2026/06/27 19:55:47.663, 155.18, 100, 4774
2026/06/27 19:55:48.663, 155.20, 100, 4774
2026/06/27 19:55:49.664, 155.49, 100, 4774
2026/06/27 19:55:50.664, 155.37, 98, 4774
2026/06/27 19:55:51.664, 155.21, 98, 4774
2026/06/27 19:55:52.664, 155.20, 99, 4774
2026/06/27 19:55:53.664, 155.32, 100, 4774
2026/06/27 19:55:54.665, 155.31, 100, 4774
2026/06/27 19:55:55.665, 155.30, 99, 4774
2026/06/27 19:55:56.665, 155.21, 98, 4774
2026/06/27 19:55:57.665, 155.12, 99, 4774
2026/06/27 19:55:58.665, 155.45, 100, 4774
2026/06/27 19:55:59.665, 155.17, 100, 4774
2026/06/27 19:56:00.674, 155.22, 100, 4774
2026/06/27 19:56:01.674, 155.40, 99, 4774
2026/06/27 19:56:02.674, 155.93, 98, 4774
2026/06/27 19:56:03.675, 156.49, 99, 4774
2026/06/27 19:56:04.675, 156.18, 100, 4774
2026/06/27 19:56:05.675, 156.25, 100, 4774
2026/06/27 19:56:06.675, 156.37, 98, 4774
2026/06/27 19:56:07.675, 155.87, 98, 4774
2026/06/27 19:56:08.676, 155.92, 98, 4774
2026/06/27 19:56:09.676, 156.20, 100, 4774
2026/06/27 19:56:10.676, 156.02, 100, 4774
2026/06/27 19:56:11.676, 156.11, 100, 4774
2026/06/27 19:56:12.676, 156.35, 98, 4774
2026/06/27 19:56:13.676, 156.21, 98, 4774
2026/06/27 19:56:14.677, 156.21, 99, 4774
2026/06/27 19:56:15.677, 156.07, 100, 4774
2026/06/27 19:56:16.677, 156.27, 100, 4774
2026/06/27 19:56:17.677, 156.33, 98, 4774
2026/06/27 19:56:18.677, 155.79, 98, 4774
2026/06/27 19:56:19.678, 155.93, 98, 4774
2026/06/27 19:56:20.686, 156.27, 100, 4774
2026/06/27 19:56:21.686, 156.28, 100, 4774
2026/06/27 19:56:22.686, 156.56, 100, 4774
2026/06/27 19:56:23.687, 156.14, 98, 4774
2026/06/27 19:56:24.687, 156.35, 98, 4774
2026/06/27 19:56:25.687, 156.61, 100, 4774
2026/06/27 19:56:26.687, 156.30, 100, 4774
2026/06/27 19:56:27.687, 156.57, 100, 4774
2026/06/27 19:56:28.687, 156.46, 98, 4774
2026/06/27 19:56:29.688, 156.11, 98, 4774
2026/06/27 19:56:30.688, 156.57, 100, 4774
2026/06/27 19:56:31.688, 156.69, 100, 4774
2026/06/27 19:56:32.688, 156.53, 100, 4774
2026/06/27 19:56:33.688, 156.36, 98, 4774
2026/06/27 19:56:34.689, 156.32, 98, 4774
2026/06/27 19:56:35.689, 157.10, 100, 4774
2026/06/27 19:56:36.689, 156.60, 100, 4774
2026/06/27 19:56:37.689, 157.22, 100, 4774
2026/06/27 19:56:38.689, 157.34, 98, 4774
2026/06/27 19:56:39.689, 156.85, 98, 4774
2026/06/27 19:56:40.698, 156.88, 98, 4774
2026/06/27 19:56:41.698, 156.92, 100, 4774
2026/06/27 19:56:42.698, 157.18, 100, 4774
2026/06/27 19:56:43.699, 157.45, 100, 4774
2026/06/27 19:56:44.699, 158.82, 100, 4774
2026/06/27 19:56:45.699, 159.10, 100, 4774
2026/06/27 19:56:46.699, 159.10, 99, 4774
2026/06/27 19:56:47.699, 158.96, 99, 4774
2026/06/27 19:56:48.699, 159.36, 100, 4774
2026/06/27 19:56:49.700, 159.31, 100, 4774
2026/06/27 19:56:50.700, 159.08, 100, 4774
2026/06/27 19:56:51.700, 151.00, 42, 4774
2026/06/27 19:56:52.700, 149.63, 100, 4774
2026/06/27 19:56:53.700, 156.84, 100, 4774
2026/06/27 19:56:54.700, 156.98, 100, 4774
2026/06/27 19:56:55.701, 157.22, 98, 4774
2026/06/27 19:56:56.701, 156.99, 98, 4774
2026/06/27 19:56:57.701, 156.94, 99, 4774
2026/06/27 19:56:58.701, 156.89, 100, 4774
2026/06/27 19:56:59.701, 156.89, 100, 4774
2026/06/27 19:57:00.701, 157.02, 98, 4774
2026/06/27 19:57:01.702, 155.69, 98, 4774
2026/06/27 19:57:02.702, 157.10, 100, 4774
2026/06/27 19:57:03.702, 157.16, 100, 4774
2026/06/27 19:57:04.702, 157.09, 100, 4774
2026/06/27 19:57:05.702, 157.33, 98, 4774
2026/06/27 19:57:06.702, 156.07, 98, 4774
2026/06/27 19:57:07.702, 157.20, 100, 4774
2026/06/27 19:57:08.703, 156.76, 100, 4774
2026/06/27 19:57:09.703, 157.65, 100, 4774
2026/06/27 19:57:10.703, 157.66, 98, 4774
2026/06/27 19:57:11.703, 156.48, 90, 4774
2026/06/27 19:57:12.703, 156.49, 99, 4774
2026/06/27 19:57:13.703, 157.42, 100, 4774
2026/06/27 19:57:14.704, 157.36, 100, 4774
2026/06/27 19:57:15.704, 157.60, 98, 4774
2026/06/27 19:57:16.704, 157.09, 98, 4774
2026/06/27 19:57:17.704, 156.25, 98, 4774
2026/06/27 19:57:18.704, 157.49, 100, 4774
2026/06/27 19:57:19.704, 157.15, 100, 4774
2026/06/27 19:57:20.705, 157.73, 99, 4774
2026/06/27 19:57:21.705, 157.68, 98, 4774
2026/06/27 19:57:22.705, 157.31, 98, 4774
2026/06/27 19:57:23.705, 157.22, 100, 4774
2026/06/27 19:57:24.705, 157.49, 100, 4774
2026/06/27 19:57:25.706, 157.48, 100, 4774
2026/06/27 19:57:26.706, 157.71, 98, 4774
2026/06/27 19:57:27.706, 156.34, 98, 4774
2026/06/27 19:57:28.706, 157.57, 100, 4774
2026/06/27 19:57:29.706, 157.56, 100, 4774
2026/06/27 19:57:30.706, 157.49, 100, 4774
2026/06/27 19:57:31.707, 157.59, 98, 4774
2026/06/27 19:57:32.715, 157.61, 98, 4774
2026/06/27 19:57:33.715, 156.90, 98, 4774
2026/06/27 19:57:34.715, 157.81, 100, 4774
2026/06/27 19:57:35.716, 157.49, 100, 4774
2026/06/27 19:57:36.716, 157.19, 98, 4774
2026/06/27 19:57:37.716, 157.32, 98, 4774
2026/06/27 19:57:38.716, 157.46, 98, 4774
2026/06/27 19:57:39.716, 157.90, 100, 4774
2026/06/27 19:57:40.717, 157.58, 100, 4774
2026/06/27 19:57:41.717, 157.77, 100, 4774
2026/06/27 19:57:42.717, 157.56, 98, 4774
2026/06/27 19:57:43.717, 157.41, 98, 4774
2026/06/27 19:57:44.717, 157.15, 100, 4774
2026/06/27 19:57:45.718, 157.35, 100, 4774
2026/06/27 19:57:46.718, 157.48, 100, 4774
2026/06/27 19:57:47.718, 157.94, 98, 4774
2026/06/27 19:57:48.718, 157.63, 98, 4774
2026/06/27 19:57:49.718, 157.65, 98, 4774
2026/06/27 19:57:50.719, 157.23, 100, 4774
2026/06/27 19:57:51.719, 157.43, 100, 4774
2026/06/27 19:57:52.727, 157.61, 98, 4774
2026/06/27 19:57:53.727, 157.07, 98, 4774
2026/06/27 19:57:54.728, 157.39, 98, 4774
2026/06/27 19:57:55.728, 157.78, 100, 4774
2026/06/27 19:57:56.728, 157.46, 100, 4774
2026/06/27 19:57:57.728, 157.31, 99, 4774
2026/06/27 19:57:58.728, 157.39, 98, 4774
2026/06/27 19:57:59.729, 157.27, 98, 4774
2026/06/27 19:58:00.729, 157.65, 99, 4774
2026/06/27 19:58:01.729, 158.89, 99, 4774
2026/06/27 19:58:02.729, 158.82, 99, 4774
2026/06/27 19:58:03.729, 159.07, 99, 4774
2026/06/27 19:58:04.730, 158.83, 99, 4774
2026/06/27 19:58:05.730, 158.92, 100, 4774
2026/06/27 19:58:06.730, 159.16, 100, 4774
2026/06/27 19:58:07.730, 159.39, 100, 4774
2026/06/27 19:58:08.730, 152.65, 98, 4774
2026/06/27 19:58:09.730, 157.21, 98, 4774
2026/06/27 19:58:10.731, 156.30, 100, 4774
2026/06/27 19:58:11.731, 157.22, 100, 4774
2026/06/27 19:58:12.731, 157.37, 100, 4774
2026/06/27 19:58:13.731, 157.30, 98, 4774
2026/06/27 19:58:14.731, 157.19, 98, 4774
2026/06/27 19:58:15.731, 156.21, 100, 4774
2026/06/27 19:58:16.732, 157.21, 100, 4774
2026/06/27 19:58:17.732, 157.69, 100, 4774
2026/06/27 19:58:18.732, 158.04, 98, 4774
2026/06/27 19:58:19.732, 157.27, 98, 4774
2026/06/27 19:58:20.732, 156.36, 100, 4774
2026/06/27 19:58:21.733, 157.45, 100, 4774
2026/06/27 19:58:22.733, 157.48, 100, 4774
2026/06/27 19:58:23.733, 157.52, 98, 4774
2026/06/27 19:58:24.733, 157.56, 98, 4774
2026/06/27 19:58:25.733, 156.40, 100, 4774
2026/06/27 19:58:26.734, 157.54, 100, 4774
2026/06/27 19:58:27.734, 157.49, 99, 4774
2026/06/27 19:58:28.734, 157.31, 98, 4774
2026/06/27 19:58:29.734, 157.21, 98, 4774
2026/06/27 19:58:30.734, 156.33, 100, 4774
2026/06/27 19:58:31.734, 157.33, 100, 4774
2026/06/27 19:58:32.735, 157.56, 98, 4774
2026/06/27 19:58:33.735, 157.23, 98, 4774
2026/06/27 19:58:34.735, 157.15, 98, 4774
2026/06/27 19:58:35.735, 156.34, 100, 4774
2026/06/27 19:58:36.735, 157.59, 100, 4774
2026/06/27 19:58:37.735, 157.65, 98, 4774
2026/06/27 19:58:38.736, 157.44, 98, 4774
2026/06/27 19:58:39.736, 157.34, 98, 4774
2026/06/27 19:58:40.736, 156.56, 100, 4774
2026/06/27 19:58:41.736, 157.53, 100, 4774
2026/06/27 19:58:42.736, 157.44, 98, 4774
2026/06/27 19:58:43.736, 157.16, 98, 4774
2026/06/27 19:58:44.737, 157.07, 98, 4774
2026/06/27 19:58:45.737, 156.46, 100, 4774
2026/06/27 19:58:46.737, 157.63, 100, 4774
2026/06/27 19:58:47.737, 157.48, 98, 4774
2026/06/27 19:58:48.737, 157.18, 98, 4774
2026/06/27 19:58:49.737, 157.17, 98, 4774
2026/06/27 19:58:50.738, 156.41, 100, 4774
2026/06/27 19:58:51.738, 157.41, 100, 4774
2026/06/27 19:58:52.738, 157.76, 98, 4774
2026/06/27 19:58:53.738, 157.33, 98, 4774
2026/06/27 19:58:54.738, 157.75, 100, 4774
2026/06/27 19:58:55.739, 156.59, 100, 4774
2026/06/27 19:58:56.739, 157.68, 100, 4774
2026/06/27 19:58:57.739, 157.91, 98, 4774
2026/06/27 19:58:58.739, 157.37, 99, 4774
2026/06/27 19:58:59.739, 158.03, 100, 4774
2026/06/27 19:59:00.739, 156.50, 100, 4774
2026/06/27 19:59:01.740, 157.54, 100, 4774
2026/06/27 19:59:02.740, 157.95, 98, 4774
2026/06/27 19:59:03.740, 157.44, 98, 4774
2026/06/27 19:59:04.740, 157.92, 100, 4774
2026/06/27 19:59:05.740, 156.15, 100, 4774
2026/06/27 19:59:06.740, 157.56, 100, 4774
2026/06/27 19:59:07.741, 157.91, 98, 4774
2026/06/27 19:59:08.741, 158.12, 98, 4774
2026/06/27 19:59:09.741, 158.03, 100, 4774
2026/06/27 19:59:10.741, 158.14, 100, 4774
2026/06/27 19:59:11.741, 158.18, 100, 4774
2026/06/27 19:59:12.741, 158.60, 98, 4774
2026/06/27 19:59:13.742, 158.13, 98, 4774
2026/06/27 19:59:14.742, 158.15, 98, 4774
2026/06/27 19:59:15.750, 158.34, 100, 4774
2026/06/27 19:59:16.750, 158.21, 100, 4774
2026/06/27 19:59:17.751, 158.53, 99, 4774
2026/06/27 19:59:18.751, 159.35, 100, 4774
2026/06/27 19:59:19.751, 159.52, 99, 4774
2026/06/27 19:59:20.760, 160.01, 100, 4774
2026/06/27 19:59:21.760, 160.01, 100, 4774
2026/06/27 19:59:22.760, 160.20, 100, 4774
2026/06/27 19:59:23.760, 159.93, 99, 4774
2026/06/27 19:59:24.760, 159.72, 99, 4774
2026/06/27 19:59:25.769, 152.91, 98, 4774
2026/06/27 19:59:26.769, 157.60, 98, 4774
2026/06/27 19:59:27.769, 157.97, 100, 4774
2026/06/27 19:59:28.769, 157.82, 100, 4774
2026/06/27 19:59:29.770, 157.87, 98, 4774
2026/06/27 19:59:30.770, 157.65, 98, 4774
2026/06/27 19:59:31.770, 157.44, 98, 4774
2026/06/27 19:59:32.770, 157.90, 100, 4774
2026/06/27 19:59:33.770, 157.73, 100, 4774
2026/06/27 19:59:34.771, 157.79, 98, 4774
2026/06/27 19:59:35.779, 157.67, 98, 4774
2026/06/27 19:59:36.779, 157.60, 98, 4774
2026/06/27 19:59:37.779, 157.94, 100, 4774
2026/06/27 19:59:38.780, 158.05, 100, 4774
2026/06/27 19:59:39.780, 158.06, 99, 4774
2026/06/27 19:59:40.780, 157.87, 98, 4774
2026/06/27 19:59:41.780, 157.74, 98, 4774
2026/06/27 19:59:42.780, 157.66, 100, 4774
2026/06/27 19:59:43.781, 157.77, 100, 4774
2026/06/27 19:59:44.781, 157.96, 100, 4774
2026/06/27 19:59:45.781, 157.89, 98, 4774
2026/06/27 19:59:46.781, 157.63, 98, 4774
2026/06/27 19:59:47.781, 158.35, 100, 4774
2026/06/27 19:59:48.782, 157.89, 100, 4774
2026/06/27 19:59:49.782, 158.36, 100, 4774
2026/06/27 19:59:50.790, 157.77, 98, 4774
2026/06/27 19:59:51.790, 157.61, 98, 4774
2026/06/27 19:59:52.791, 157.87, 100, 4774
2026/06/27 19:59:53.791, 157.85, 100, 4774
2026/06/27 19:59:54.791, 157.81, 100, 4774
2026/06/27 19:59:55.799, 157.80, 98, 4774
2026/06/27 19:59:56.800, 157.52, 98, 4774
2026/06/27 19:59:57.800, 157.83, 100, 4774
2026/06/27 19:59:58.800, 157.73, 100, 4774
2026/06/27 19:59:59.800, 157.96, 100, 4774
2026/06/27 20:00:00.800, 158.14, 98, 4774
2026/06/27 20:00:01.800, 157.47, 98, 4774
2026/06/27 20:00:02.801, 157.87, 100, 4774
2026/06/27 20:00:03.801, 157.80, 100, 4774
2026/06/27 20:00:04.801, 157.91, 100, 4774
2026/06/27 20:00:05.801, 157.03, 98, 4774
2026/06/27 20:00:06.801, 157.68, 98, 4774
2026/06/27 20:00:07.802, 158.04, 100, 4774
2026/06/27 20:00:08.802, 157.72, 100, 4774
2026/06/27 20:00:09.802, 157.92, 100, 4774
2026/06/27 20:00:10.802, 156.63, 98, 4774
2026/06/27 20:00:11.802, 157.63, 98, 4774
2026/06/27 20:00:12.803, 157.78, 100, 4774
2026/06/27 20:00:13.803, 157.89, 100, 4774
2026/06/27 20:00:14.803, 157.88, 100, 4774
2026/06/27 20:00:15.803, 156.66, 99, 4774
2026/06/27 20:00:16.803, 157.96, 98, 4774
2026/06/27 20:00:17.803, 158.61, 100, 4774
2026/06/27 20:00:18.804, 158.11, 100, 4774
2026/06/27 20:00:19.804, 158.22, 100, 4774
2026/06/27 20:00:20.804, 156.71, 89, 4774
2026/06/27 20:00:21.804, 156.65, 98, 4774
2026/06/27 20:00:22.804, 158.55, 100, 4774
2026/06/27 20:00:23.804, 157.96, 100, 4774
2026/06/27 20:00:24.804, 157.94, 100, 4774
2026/06/27 20:00:25.805, 158.28, 98, 4774
2026/06/27 20:00:26.805, 157.95, 98, 4774
2026/06/27 20:00:27.805, 158.02, 100, 4774
2026/06/27 20:00:28.805, 157.82, 100, 4774
2026/06/27 20:00:29.805, 158.20, 100, 4774
2026/06/27 20:00:30.805, 158.39, 98, 4774
2026/06/27 20:00:31.806, 156.47, 98, 4774
2026/06/27 20:00:32.806, 157.85, 100, 4774
2026/06/27 20:00:33.806, 157.13, 99, 4774
2026/06/27 20:00:34.806, 159.53, 100, 4774
2026/06/27 20:00:35.806, 159.51, 99, 4774
2026/06/27 20:00:36.815, 159.18, 100, 4774
2026/06/27 20:00:37.815, 159.53, 99, 4774
2026/06/27 20:00:38.815, 159.45, 100, 4774
2026/06/27 20:00:39.815, 159.44, 99, 4774
2026/06/27 20:00:40.815, 159.40, 100, 4774
2026/06/27 20:00:41.816, 159.59, 99, 4774
2026/06/27 20:00:42.816, 152.51, 98, 4774
2026/06/27 20:00:43.816, 157.92, 100, 4774
2026/06/27 20:00:44.816, 157.93, 100, 4774
2026/06/27 20:00:45.816, 158.12, 100, 4774
2026/06/27 20:00:46.816, 157.81, 98, 4774
2026/06/27 20:00:47.817, 157.75, 98, 4774
2026/06/27 20:00:48.817, 157.76, 100, 4774
2026/06/27 20:00:49.817, 157.94, 100, 4774
2026/06/27 20:00:50.817, 158.13, 100, 4774
2026/06/27 20:00:51.817, 157.96, 98, 4774
2026/06/27 20:00:52.818, 157.83, 98, 4774
2026/06/27 20:00:53.818, 158.01, 100, 4774
2026/06/27 20:00:54.818, 158.05, 100, 4774
2026/06/27 20:00:55.818, 158.20, 100, 4774
2026/06/27 20:00:56.827, 158.38, 98, 4774
2026/06/27 20:00:57.827, 157.80, 98, 4774
2026/06/27 20:00:58.827, 157.99, 100, 4774
2026/06/27 20:00:59.827, 158.08, 100, 4774
2026/06/27 20:01:00.827, 158.20, 100, 4774
2026/06/27 20:01:01.828, 158.35, 98, 4774
2026/06/27 20:01:02.828, 157.73, 98, 4774
2026/06/27 20:01:03.828, 158.10, 99, 4774
2026/06/27 20:01:04.828, 157.90, 100, 4774
2026/06/27 20:01:05.828, 158.10, 100, 4774
2026/06/27 20:01:06.837, 158.28, 98, 4774
2026/06/27 20:01:07.837, 157.94, 98, 4774
2026/06/27 20:01:08.837, 157.73, 98, 4774
2026/06/27 20:01:09.837, 158.41, 100, 4774
2026/06/27 20:01:10.838, 157.88, 100, 4774
2026/06/27 20:01:11.845, 156.74, 98, 4774
2026/06/27 20:01:12.845, 157.96, 98, 4774
2026/06/27 20:01:13.845, 158.14, 98, 4774
2026/06/27 20:01:14.846, 158.27, 100, 4774
2026/06/27 20:01:15.846, 158.10, 100, 4774
2026/06/27 20:01:16.846, 158.14, 98, 4774
2026/06/27 20:01:17.846, 157.82, 98, 4774
2026/06/27 20:01:18.846, 157.78, 98, 4774
2026/06/27 20:01:19.846, 158.16, 100, 4774
2026/06/27 20:01:20.847, 158.01, 100, 4774
2026/06/27 20:01:21.847, 157.71, 99, 4774
2026/06/27 20:01:22.847, 158.21, 98, 4774
2026/06/27 20:01:23.847, 157.86, 98, 4774
2026/06/27 20:01:24.847, 158.48, 100, 4774
2026/06/27 20:01:25.848, 158.03, 100, 4774
2026/06/27 20:01:26.848, 157.98, 100, 4774
2026/06/27 20:01:27.848, 158.28, 98, 4774
2026/06/27 20:01:28.848, 157.50, 98, 4774
2026/06/27 20:01:29.848, 157.84, 100, 4774
2026/06/27 20:01:30.849, 157.96, 100, 4774
2026/06/27 20:01:31.849, 158.35, 100, 4774
2026/06/27 20:01:32.849, 158.38, 98, 4774
2026/06/27 20:01:33.849, 157.87, 98, 4774
2026/06/27 20:01:34.849, 158.23, 98, 4774
2026/06/27 20:01:35.849, 158.01, 100, 4774
2026/06/27 20:01:36.850, 158.08, 100, 4774
2026/06/27 20:01:37.850, 158.33, 98, 4774
2026/06/27 20:01:38.850, 158.12, 99, 4774
2026/06/27 20:01:39.850, 157.71, 98, 4774
2026/06/27 20:01:40.850, 158.38, 100, 4774
2026/06/27 20:01:41.850, 157.30, 100, 4774
2026/06/27 20:01:42.851, 158.11, 98, 4774
2026/06/27 20:01:43.851, 157.63, 98, 4774
2026/06/27 20:01:44.851, 157.90, 98, 4774
2026/06/27 20:01:45.851, 158.03, 100, 4774
2026/06/27 20:01:46.851, 156.88, 100, 4774
2026/06/27 20:01:47.851, 158.28, 98, 4774
2026/06/27 20:01:48.852, 157.86, 98, 4774
2026/06/27 20:01:49.852, 158.15, 98, 4774
2026/06/27 20:01:50.852, 157.84, 100, 4774
2026/06/27 20:01:51.852, 159.44, 100, 4774
2026/06/27 20:01:52.852, 159.73, 100, 4774
2026/06/27 20:01:53.852, 159.80, 100, 4774
2026/06/27 20:01:54.853, 159.52, 100, 4774
2026/06/27 20:01:55.853, 159.84, 100, 4774
2026/06/27 20:01:56.853, 159.50, 99, 4774
2026/06/27 20:01:57.861, 159.70, 100, 4774
2026/06/27 20:01:58.862, 159.64, 100, 4774
2026/06/27 20:01:59.862, 150.90, 98, 4774
2026/06/27 20:02:00.862, 158.23, 100, 4774
2026/06/27 20:02:01.862, 158.09, 100, 4774
2026/06/27 20:02:02.862, 158.19, 100, 4774
2026/06/27 20:02:03.862, 158.00, 98, 4774
2026/06/27 20:02:04.863, 157.58, 98, 4774
2026/06/27 20:02:05.863, 157.83, 100, 4774
2026/06/27 20:02:06.863, 157.96, 100, 4774
2026/06/27 20:02:07.872, 158.15, 100, 4774
2026/06/27 20:02:08.872, 158.01, 98, 4774
2026/06/27 20:02:09.872, 157.68, 98, 4774
2026/06/27 20:02:10.872, 158.10, 100, 4774
2026/06/27 20:02:11.872, 157.96, 100, 4774
2026/06/27 20:02:12.881, 158.07, 100, 4774
2026/06/27 20:02:13.881, 157.90, 98, 4774
2026/06/27 20:02:14.881, 157.75, 98, 4774
2026/06/27 20:02:15.881, 158.16, 100, 4774
2026/06/27 20:02:16.882, 157.86, 100, 4774
2026/06/27 20:02:17.890, 157.82, 100, 4774
2026/06/27 20:02:18.890, 158.14, 98, 4774
2026/06/27 20:02:19.890, 157.66, 98, 4774
2026/06/27 20:02:20.891, 158.08, 100, 4774
2026/06/27 20:02:21.891, 157.98, 100, 4774
2026/06/27 20:02:22.891, 158.19, 100, 4774
2026/06/27 20:02:23.891, 158.16, 98, 4774
2026/06/27 20:02:24.891, 158.00, 99, 4774
2026/06/27 20:02:25.891, 158.23, 100, 4774
2026/06/27 20:02:26.892, 157.98, 100, 4774
2026/06/27 20:02:27.892, 158.14, 100, 4774
2026/06/27 20:02:28.892, 158.23, 98, 4774
2026/06/27 20:02:29.892, 157.66, 98, 4774
2026/06/27 20:02:30.892, 158.04, 98, 4774
2026/06/27 20:02:31.892, 157.89, 100, 4774
2026/06/27 20:02:32.893, 158.23, 100, 4774
2026/06/27 20:02:33.893, 158.36, 98, 4774
2026/06/27 20:02:34.893, 157.87, 98, 4774
2026/06/27 20:02:35.893, 158.02, 99, 4774
2026/06/27 20:02:36.893, 158.32, 100, 4774
2026/06/27 20:02:37.894, 157.97, 100, 4774
2026/06/27 20:02:38.894, 158.17, 98, 4774
2026/06/27 20:02:39.894, 157.82, 98, 4774
2026/06/27 20:02:40.894, 157.53, 98, 4774
2026/06/27 20:02:41.894, 158.59, 100, 4774
2026/06/27 20:02:42.894, 158.16, 100, 4774
2026/06/27 20:02:43.895, 158.45, 98, 4774
2026/06/27 20:02:44.895, 158.15, 98, 4774
2026/06/27 20:02:45.895, 157.74, 98, 4774
2026/06/27 20:02:46.895, 158.39, 100, 4774
2026/06/27 20:02:47.895, 158.12, 100, 4774
2026/06/27 20:02:48.896, 158.27, 100, 4774
2026/06/27 20:02:49.896, 158.04, 98, 4774
2026/06/27 20:02:50.896, 157.75, 98, 4774
2026/06/27 20:02:51.896, 157.93, 100, 4774
2026/06/27 20:02:52.905, 158.07, 100, 4774
2026/06/27 20:02:53.905, 158.21, 100, 4774
2026/06/27 20:02:54.905, 158.17, 98, 4774
2026/06/27 20:02:55.905, 157.94, 98, 4774
2026/06/27 20:02:56.905, 157.81, 100, 4774
2026/06/27 20:02:57.905, 157.88, 100, 4774
2026/06/27 20:02:58.906, 158.10, 100, 4774
2026/06/27 20:02:59.906, 157.93, 98, 4774
2026/06/27 20:03:00.906, 157.84, 98, 4774
2026/06/27 20:03:01.906, 158.08, 100, 4774
2026/06/27 20:03:02.906, 158.10, 100, 4774
2026/06/27 20:03:03.907, 158.27, 100, 4774
2026/06/27 20:03:04.907, 157.94, 98, 4774
2026/06/27 20:03:05.907, 157.60, 98, 4774
2026/06/27 20:03:06.907, 157.90, 100, 4774
2026/06/27 20:03:07.907, 157.93, 99, 4774
2026/06/27 20:03:08.907, 159.53, 100, 4774
2026/06/27 20:03:09.908, 159.49, 100, 4774
2026/06/27 20:03:10.908, 159.54, 100, 4774
2026/06/27 20:03:11.908, 159.28, 99, 4774
2026/06/27 20:03:12.908, 159.58, 100, 4774
2026/06/27 20:03:13.908, 159.67, 100, 4774
2026/06/27 20:03:14.908, 159.42, 100, 4774
2026/06/27 20:03:15.909, 153.63, 67, 4774
2026/06/27 20:03:16.909, 153.29, 98, 4774
2026/06/27 20:03:17.909, 157.73, 100, 4774
2026/06/27 20:03:18.909, 158.01, 100, 4774
2026/06/27 20:03:19.909, 158.23, 100, 4774
2026/06/27 20:03:20.909, 156.87, 99, 4774
2026/06/27 20:03:21.910, 157.90, 98, 4774
2026/06/27 20:03:22.910, 158.31, 100, 4774
2026/06/27 20:03:23.910, 157.93, 100, 4774
2026/06/27 20:03:24.910, 157.94, 100, 4774
2026/06/27 20:03:25.910, 156.57, 98, 4774
2026/06/27 20:03:26.911, 158.15, 98, 4774
2026/06/27 20:03:27.911, 158.26, 100, 4774
2026/06/27 20:03:28.911, 157.93, 100, 4774
2026/06/27 20:03:29.911, 158.22, 100, 4774
2026/06/27 20:03:30.911, 156.77, 90, 4774
2026/06/27 20:03:31.911, 157.59, 98, 4774
2026/06/27 20:03:32.912, 158.66, 100, 4774
2026/06/27 20:03:33.912, 158.21, 100, 4774
2026/06/27 20:03:34.912, 157.97, 100, 4774
2026/06/27 20:03:35.912, 157.93, 98, 4774
2026/06/27 20:03:36.912, 157.82, 98, 4774
2026/06/27 20:03:37.913, 158.09, 100, 4774
2026/06/27 20:03:38.913, 157.91, 100, 4774
2026/06/27 20:03:39.913, 158.05, 100, 4774
2026/06/27 20:03:40.913, 158.05, 98, 4774
2026/06/27 20:03:41.913, 156.88, 98, 4774
2026/06/27 20:03:42.914, 158.11, 100, 4774
2026/06/27 20:03:43.914, 158.27, 100, 4774
2026/06/27 20:03:44.914, 158.37, 100, 4774
2026/06/27 20:03:45.914, 158.48, 98, 4774
2026/06/27 20:03:46.914, 156.67, 98, 4774
2026/06/27 20:03:47.914, 158.51, 98, 4774
2026/06/27 20:03:48.914, 158.46, 100, 4774
2026/06/27 20:03:49.915, 158.41, 100, 4774
2026/06/27 20:03:50.915, 158.16, 98, 4774
2026/06/27 20:03:51.915, 157.87, 98, 4774
2026/06/27 20:03:52.915, 157.60, 98, 4774
2026/06/27 20:03:53.915, 158.05, 100, 4774
2026/06/27 20:03:54.916, 158.31, 100, 4774
2026/06/27 20:03:55.916, 158.32, 100, 4774
2026/06/27 20:03:56.916, 156.95, 98, 4774
2026/06/27 20:03:57.916, 158.05, 98, 4774
2026/06/27 20:03:58.916, 158.18, 100, 4774
2026/06/27 20:03:59.917, 158.33, 100, 4774
2026/06/27 20:04:00.917, 158.47, 100, 4774
2026/06/27 20:04:01.925, 157.96, 100, 4774
2026/06/27 20:04:02.925, 157.90, 100, 4774
2026/06/27 20:04:03.926, 158.18, 98, 4774
2026/06/27 20:04:04.926, 157.81, 99, 4774
2026/06/27 20:04:05.926, 158.18, 100, 4774
2026/06/27 20:04:06.934, 158.24, 100, 4774
2026/06/27 20:04:07.935, 158.24, 100, 4774
2026/06/27 20:04:08.935, 158.14, 98, 4774
2026/06/27 20:04:09.935, 157.93, 98, 4774
2026/06/27 20:04:10.935, 158.04, 98, 4774
2026/06/27 20:04:11.935, 158.51, 100, 4774
2026/06/27 20:04:12.936, 158.30, 100, 4774
2026/06/27 20:04:13.936, 158.15, 100, 4774
2026/06/27 20:04:14.936, 158.33, 98, 4774
2026/06/27 20:04:15.936, 158.12, 98, 4774
2026/06/27 20:04:16.945, 158.41, 100, 4774
2026/06/27 20:04:17.945, 158.21, 100, 4774
2026/06/27 20:04:18.945, 158.19, 100, 4774
2026/06/27 20:04:19.945, 158.58, 99, 4774
2026/06/27 20:04:20.945, 158.23, 98, 4774
2026/06/27 20:04:21.946, 158.46, 98, 4774
2026/06/27 20:04:22.946, 158.04, 100, 4774
2026/06/27 20:04:23.946, 158.00, 100, 4774
2026/06/27 20:04:24.946, 159.88, 100, 4774
2026/06/27 20:04:25.946, 160.31, 99, 4774
2026/06/27 20:04:26.947, 159.89, 100, 4774
2026/06/27 20:04:27.947, 159.71, 100, 4774
2026/06/27 20:04:28.947, 159.51, 99, 4774
2026/06/27 20:04:29.947, 159.62, 100, 4774
2026/06/27 20:04:30.947, 159.49, 99, 4774
2026/06/27 20:04:31.956, 159.77, 99, 4774
2026/06/27 20:04:32.956, 153.03, 99, 4774
2026/06/27 20:04:33.956, 158.49, 100, 4774
2026/06/27 20:04:34.956, 158.23, 100, 4774
2026/06/27 20:04:35.957, 158.22, 98, 4774
2026/06/27 20:04:36.965, 157.25, 98, 4774
2026/06/27 20:04:37.965, 158.22, 98, 4774
2026/06/27 20:04:38.966, 158.08, 100, 4774
2026/06/27 20:04:39.966, 157.90, 100, 4774
2026/06/27 20:04:40.966, 157.94, 99, 4774
2026/06/27 20:04:41.966, 156.84, 98, 4774
2026/06/27 20:04:42.966, 157.67, 98, 4774
2026/06/27 20:04:43.966, 158.38, 100, 4774
2026/06/27 20:04:44.967, 157.91, 100, 4774
2026/06/27 20:04:45.967, 157.76, 98, 4774
2026/06/27 20:04:46.967, 156.75, 98, 4774
2026/06/27 20:04:47.967, 157.70, 99, 4774
2026/06/27 20:04:48.967, 158.17, 100, 4774
2026/06/27 20:04:49.967, 157.93, 100, 4774
2026/06/27 20:04:50.968, 157.97, 98, 4774
2026/06/27 20:04:51.968, 156.45, 98, 4774
2026/06/27 20:04:52.968, 157.42, 98, 4774
2026/06/27 20:04:53.969, 157.68, 100, 4774
2026/06/27 20:04:54.969, 157.82, 100, 4774
2026/06/27 20:04:55.969, 157.96, 98, 4774
2026/06/27 20:04:56.969, 156.52, 99, 4774
2026/06/27 20:04:57.969, 157.98, 98, 4774
2026/06/27 20:04:58.970, 157.80, 100, 4774
2026/06/27 20:04:59.970, 157.96, 100, 4774
2026/06/27 20:05:00.970, 158.24, 98, 4774
2026/06/27 20:05:01.970, 157.83, 98, 4774
2026/06/27 20:05:02.970, 157.66, 98, 4774
2026/06/27 20:05:03.970, 158.21, 100, 4774
2026/06/27 20:05:04.971, 157.88, 100, 4774
2026/06/27 20:05:05.971, 158.04, 100, 4774
2026/06/27 20:05:06.971, 157.61, 99, 4774
2026/06/27 20:05:07.971, 157.90, 98, 4774
2026/06/27 20:05:08.971, 158.29, 100, 4774
2026/06/27 20:05:09.972, 158.19, 100, 4774
2026/06/27 20:05:10.972, 157.79, 100, 4774
2026/06/27 20:05:11.972, 158.29, 99, 4774
2026/06/27 20:05:12.972, 157.39, 98, 4774
2026/06/27 20:05:13.972, 158.06, 100, 4774
2026/06/27 20:05:14.972, 158.11, 100, 4774
2026/06/27 20:05:15.973, 157.81, 100, 4774
2026/06/27 20:05:16.973, 158.05, 98, 4774
2026/06/27 20:05:17.973, 157.77, 98, 4774
2026/06/27 20:05:18.973, 157.76, 98, 4774
2026/06/27 20:05:19.973, 158.30, 100, 4774
2026/06/27 20:05:20.973, 157.91, 100, 4774
2026/06/27 20:05:21.974, 158.13, 98, 4774
2026/06/27 20:05:22.974, 157.67, 98, 4774
2026/06/27 20:05:23.974, 157.75, 98, 4774
2026/06/27 20:05:24.974, 158.24, 100, 4774
2026/06/27 20:05:25.974, 158.27, 100, 4774
2026/06/27 20:05:26.974, 158.20, 100, 4774
2026/06/27 20:05:27.975, 157.91, 98, 4774
2026/06/27 20:05:28.975, 157.79, 98, 4774
2026/06/27 20:05:29.975, 157.72, 100, 4774
2026/06/27 20:05:30.975, 158.06, 100, 4774
2026/06/27 20:05:31.975, 157.88, 100, 4774
2026/06/27 20:05:32.984, 158.01, 98, 4774
2026/06/27 20:05:33.984, 157.71, 98, 4774
2026/06/27 20:05:34.984, 158.11, 100, 4774
2026/06/27 20:05:35.984, 157.89, 100, 4774
2026/06/27 20:05:36.985, 158.31, 100, 4774
2026/06/27 20:05:37.985, 158.33, 98, 4774
2026/06/27 20:05:38.985, 158.14, 98, 4774
2026/06/27 20:05:39.985, 157.66, 98, 4774
2026/06/27 20:05:40.985, 158.15, 99, 4774
2026/06/27 20:05:41.985, 159.68, 100, 4774
2026/06/27 20:05:42.986, 159.94, 100, 4774
2026/06/27 20:05:43.986, 159.99, 100, 4774
2026/06/27 20:05:44.986, 159.79, 100, 4774
2026/06/27 20:05:45.986, 160.30, 100, 4774
2026/06/27 20:05:46.986, 159.97, 100, 4774
2026/06/27 20:05:47.986, 159.94, 100, 4774
2026/06/27 20:05:48.987, 154.69, 86, 4774
2026/06/27 20:05:49.987, 157.87, 98, 4774
2026/06/27 20:05:50.987, 157.84, 98, 4774
2026/06/27 20:05:51.987, 158.31, 100, 4774
2026/06/27 20:05:52.996, 157.74, 100, 4774
2026/06/27 20:05:53.996, 158.50, 98, 4774
2026/06/27 20:05:54.996, 157.90, 98, 4774
2026/06/27 20:05:55.996, 157.57, 98, 4774
2026/06/27 20:05:56.996, 157.84, 100, 4774
2026/06/27 20:05:58.005, 158.09, 100, 4774
2026/06/27 20:05:59.005, 157.90, 100, 4774
2026/06/27 20:06:00.005, 157.80, 98, 4774
2026/06/27 20:06:01.005, 157.90, 99, 4774
2026/06/27 20:06:02.006, 158.09, 100, 4774
2026/06/27 20:06:03.014, 157.96, 100, 4774
2026/06/27 20:06:04.014, 157.98, 100, 4774
2026/06/27 20:06:05.015, 158.10, 98, 4774
2026/06/27 20:06:06.015, 157.85, 98, 4774
2026/06/27 20:06:07.015, 158.34, 100, 4774
2026/06/27 20:06:08.015, 158.14, 100, 4774
2026/06/27 20:06:09.015, 157.96, 100, 4774
2026/06/27 20:06:10.015, 158.18, 98, 4774
2026/06/27 20:06:11.016, 157.48, 98, 4774
2026/06/27 20:06:12.016, 156.94, 100, 4774
2026/06/27 20:06:13.016, 157.95, 100, 4774
2026/06/27 20:06:14.016, 158.14, 100, 4774
2026/06/27 20:06:15.016, 157.76, 98, 4774
2026/06/27 20:06:16.016, 157.81, 98, 4774
2026/06/27 20:06:17.017, 156.98, 100, 4774
2026/06/27 20:06:18.017, 157.75, 100, 4774
2026/06/27 20:06:19.017, 157.85, 100, 4774
2026/06/27 20:06:20.017, 157.94, 98, 4774
2026/06/27 20:06:21.017, 157.85, 98, 4774
2026/06/27 20:06:22.018, 156.52, 100, 4774
2026/06/27 20:06:23.018, 157.67, 100, 4774
2026/06/27 20:06:24.018, 157.79, 100, 4774
2026/06/27 20:06:25.018, 157.70, 98, 4774
2026/06/27 20:06:26.018, 157.81, 98, 4774
2026/06/27 20:06:27.019, 156.73, 100, 4774
2026/06/27 20:06:28.019, 157.71, 100, 4774
2026/06/27 20:06:29.019, 157.81, 100, 4774
2026/06/27 20:06:30.019, 158.15, 98, 4774
2026/06/27 20:06:31.019, 158.00, 98, 4774
2026/06/27 20:06:32.019, 157.30, 100, 4774
2026/06/27 20:06:33.020, 158.38, 100, 4774
2026/06/27 20:06:34.020, 158.61, 100, 4774
2026/06/27 20:06:35.020, 158.43, 98, 4774
2026/06/27 20:06:36.020, 158.64, 98, 4774
2026/06/27 20:06:37.020, 157.41, 100, 4774
2026/06/27 20:06:38.020, 157.85, 100, 4774
2026/06/27 20:06:39.021, 157.86, 100, 4774
2026/06/27 20:06:40.021, 157.85, 98, 4774
2026/06/27 20:06:41.021, 158.07, 98, 4774
2026/06/27 20:06:42.021, 157.12, 100, 4774
2026/06/27 20:06:43.021, 158.12, 100, 4774
2026/06/27 20:06:44.022, 157.78, 100, 4774
2026/06/27 20:06:45.022, 158.02, 98, 4774
2026/06/27 20:06:46.022, 157.91, 100, 4774
2026/06/27 20:06:47.022, 157.13, 98, 4774
2026/06/27 20:06:48.022, 157.61, 98, 4774
2026/06/27 20:06:49.022, 157.95, 100, 4774
2026/06/27 20:06:50.023, 158.15, 100, 4774
2026/06/27 20:06:51.023, 157.70, 100, 4774
2026/06/27 20:06:52.023, 157.11, 98, 4774
2026/06/27 20:06:53.023, 157.93, 98, 4774
2026/06/27 20:06:54.023, 157.83, 98, 4774
2026/06/27 20:06:55.023, 157.93, 100, 4774
2026/06/27 20:06:56.024, 157.85, 100, 4774
2026/06/27 20:06:57.024, 156.94, 95, 4774
2026/06/27 20:06:58.024, 157.65, 99, 4774
2026/06/27 20:06:59.024, 159.47, 99, 4774
2026/06/27 20:07:00.024, 159.77, 100, 4774
2026/06/27 20:07:01.024, 159.42, 100, 4774
2026/06/27 20:07:02.025, 159.60, 100, 4774
2026/06/27 20:07:03.025, 159.54, 99, 4774
2026/06/27 20:07:04.025, 159.80, 100, 4774
2026/06/27 20:07:05.025, 159.86, 99, 4774
2026/06/27 20:07:06.025, 152.12, 100, 4774
2026/06/27 20:07:07.025, 158.01, 100, 4774
2026/06/27 20:07:08.034, 157.29, 98, 4774
2026/06/27 20:07:09.034, 157.82, 98, 4774
2026/06/27 20:07:10.034, 157.88, 98, 4774
2026/06/27 20:07:11.035, 158.52, 100, 4774
2026/06/27 20:07:12.035, 158.30, 100, 4774
2026/06/27 20:07:13.035, 158.27, 99, 4774
2026/06/27 20:07:14.035, 158.00, 98, 4774
2026/06/27 20:07:15.035, 158.04, 98, 4774
2026/06/27 20:07:16.035, 158.28, 100, 4774
2026/06/27 20:07:17.036, 157.94, 100, 4774
2026/06/27 20:07:18.044, 158.37, 100, 4774
2026/06/27 20:07:19.044, 158.20, 98, 4774
2026/06/27 20:07:20.045, 157.90, 98, 4774
2026/06/27 20:07:21.045, 158.32, 100, 4774
2026/06/27 20:07:22.045, 158.24, 100, 4774
2026/06/27 20:07:23.045, 157.97, 100, 4774
2026/06/27 20:07:24.045, 158.25, 98, 4774
2026/06/27 20:07:25.046, 157.80, 98, 4774
2026/06/27 20:07:26.046, 158.09, 98, 4774
2026/06/27 20:07:27.046, 158.21, 100, 4774
2026/06/27 20:07:28.046, 158.32, 100, 4774
2026/06/27 20:07:29.046, 158.28, 98, 4774
2026/06/27 20:07:30.047, 157.90, 98, 4774
2026/06/27 20:07:31.047, 157.74, 98, 4774
2026/06/27 20:07:32.047, 157.74, 100, 4774
2026/06/27 20:07:33.047, 157.88, 100, 4774
2026/06/27 20:07:34.047, 158.35, 100, 4774
2026/06/27 20:07:35.048, 157.77, 98, 4774
2026/06/27 20:07:36.048, 157.57, 98, 4774
2026/06/27 20:07:37.048, 157.94, 100, 4774
2026/06/27 20:07:38.048, 157.78, 100, 4774
2026/06/27 20:07:39.048, 158.11, 100, 4774
2026/06/27 20:07:40.048, 157.97, 98, 4774
2026/06/27 20:07:41.049, 158.22, 98, 4774
2026/06/27 20:07:42.049, 157.89, 100, 4774
2026/06/27 20:07:43.049, 157.93, 100, 4774
2026/06/27 20:07:44.049, 158.23, 100, 4774
2026/06/27 20:07:45.049, 158.13, 98, 4774
2026/06/27 20:07:46.050, 157.97, 98, 4774
2026/06/27 20:07:47.050, 158.03, 98, 4774
2026/06/27 20:07:48.050, 158.25, 100, 4774
2026/06/27 20:07:49.050, 157.94, 100, 4774
2026/06/27 20:07:50.050, 158.14, 98, 4774
2026/06/27 20:07:51.050, 157.73, 98, 4774
2026/06/27 20:07:52.051, 157.81, 99, 4774
2026/06/27 20:07:53.051, 158.04, 100, 4774
2026/06/27 20:07:54.051, 158.03, 100, 4774
2026/06/27 20:07:55.051, 158.09, 100, 4774
2026/06/27 20:07:56.051, 158.06, 98, 4774
2026/06/27 20:07:57.051, 157.73, 98, 4774
2026/06/27 20:07:58.052, 158.43, 100, 4774
2026/06/27 20:07:59.052, 157.96, 100, 4774
2026/06/27 20:08:00.052, 158.02, 100, 4774
2026/06/27 20:08:01.052, 158.06, 99, 4774
2026/06/27 20:08:02.052, 157.57, 98, 4774
2026/06/27 20:08:03.052, 158.00, 100, 4774
2026/06/27 20:08:04.053, 157.67, 100, 4774
2026/06/27 20:08:05.053, 158.03, 100, 4774
2026/06/27 20:08:06.053, 158.08, 98, 4774
2026/06/27 20:08:07.053, 157.96, 98, 4774
2026/06/27 20:08:08.053, 157.76, 98, 4774
2026/06/27 20:08:09.054, 158.29, 100, 4774
2026/06/27 20:08:10.054, 157.86, 100, 4774
2026/06/27 20:08:11.054, 157.73, 99, 4774
2026/06/27 20:08:12.054, 157.79, 98, 4774
2026/06/27 20:08:13.054, 157.66, 98, 4774
2026/06/27 20:08:14.054, 157.89, 99, 4774
2026/06/27 20:08:15.055, 159.63, 100, 4774
2026/06/27 20:08:16.055, 159.48, 99, 4774
2026/06/27 20:08:17.055, 159.86, 99, 4774
2026/06/27 20:08:18.055, 159.92, 100, 4774
2026/06/27 20:08:19.055, 160.09, 100, 4774
2026/06/27 20:08:20.055, 159.78, 100, 4774
2026/06/27 20:08:21.056, 159.63, 99, 4774
2026/06/27 20:08:22.056, 159.67, 100, 4774
2026/06/27 20:08:23.056, 151.80, 98, 4774
2026/06/27 20:08:24.056, 158.04, 98, 4774
2026/06/27 20:08:25.056, 158.01, 100, 4774
2026/06/27 20:08:26.056, 158.20, 100, 4774
2026/06/27 20:08:27.057, 157.79, 98, 4774
2026/06/27 20:08:28.057, 157.90, 98, 4774
2026/06/27 20:08:29.057, 157.84, 98, 4774
2026/06/27 20:08:30.057, 157.90, 100, 4774
2026/06/27 20:08:31.057, 157.88, 100, 4774
2026/06/27 20:08:32.058, 157.62, 99, 4774
2026/06/27 20:08:33.066, 156.64, 98, 4774
2026/06/27 20:08:34.066, 157.83, 98, 4774
2026/06/27 20:08:35.066, 158.10, 100, 4774
2026/06/27 20:08:36.066, 158.28, 100, 4774
2026/06/27 20:08:37.066, 158.08, 100, 4774
2026/06/27 20:08:38.066, 157.63, 98, 4774
2026/06/27 20:08:39.067, 157.89, 98, 4774
2026/06/27 20:08:40.067, 158.10, 100, 4774
2026/06/27 20:08:41.067, 157.93, 100, 4774
2026/06/27 20:08:42.067, 158.04, 100, 4774
2026/06/27 20:08:43.076, 158.57, 98, 4774
2026/06/27 20:08:44.076, 157.67, 98, 4774
2026/06/27 20:08:45.076, 158.16, 100, 4774
2026/06/27 20:08:46.076, 157.96, 100, 4774
2026/06/27 20:08:47.077, 158.27, 100, 4774
2026/06/27 20:08:48.077, 157.78, 98, 4774
2026/06/27 20:08:49.077, 157.91, 98, 4774
2026/06/27 20:08:50.077, 157.85, 99, 4774
2026/06/27 20:08:51.077, 157.86, 100, 4774
2026/06/27 20:08:52.077, 158.06, 100, 4774
2026/06/27 20:08:53.078, 158.00, 98, 4774
2026/06/27 20:08:54.078, 157.57, 98, 4774
2026/06/27 20:08:55.078, 157.32, 98, 4774
2026/06/27 20:08:56.078, 158.03, 100, 4774
2026/06/27 20:08:57.078, 158.04, 100, 4774
2026/06/27 20:08:58.079, 157.75, 98, 4774
2026/06/27 20:08:59.079, 157.49, 98, 4774
2026/06/27 20:09:00.079, 157.57, 98, 4774
2026/06/27 20:09:01.079, 157.70, 100, 4774
2026/06/27 20:09:02.079, 158.05, 100, 4774
2026/06/27 20:09:03.079, 158.14, 99, 4774
2026/06/27 20:09:04.080, 157.38, 98, 4774
2026/06/27 20:09:05.080, 157.35, 98, 4774
2026/06/27 20:09:06.080, 157.75, 100, 4774
2026/06/27 20:09:07.080, 157.97, 100, 4774
2026/06/27 20:09:08.089, 157.97, 100, 4774
2026/06/27 20:09:09.089, 158.34, 98, 4774
2026/06/27 20:09:10.089, 157.81, 98, 4774
2026/06/27 20:09:11.089, 158.29, 100, 4774
2026/06/27 20:09:12.090, 157.76, 100, 4774
2026/06/27 20:09:13.098, 158.20, 100, 4774
2026/06/27 20:09:14.098, 157.68, 98, 4774
2026/06/27 20:09:15.098, 157.46, 98, 4774
2026/06/27 20:09:16.099, 157.54, 99, 4774
2026/06/27 20:09:17.099, 158.14, 100, 4774
2026/06/27 20:09:18.107, 157.90, 100, 4774
2026/06/27 20:09:19.107, 158.03, 98, 4774
2026/06/27 20:09:20.108, 157.55, 98, 4774
2026/06/27 20:09:21.108, 157.71, 98, 4774
2026/06/27 20:09:22.108, 158.32, 100, 4774
2026/06/27 20:09:23.108, 158.10, 100, 4774
2026/06/27 20:09:24.108, 158.21, 99, 4774
2026/06/27 20:09:25.108, 157.98, 99, 4774
2026/06/27 20:09:26.109, 157.81, 98, 4774
2026/06/27 20:09:27.109, 157.95, 100, 4774
2026/06/27 20:09:28.117, 157.92, 100, 4774
2026/06/27 20:09:29.118, 157.97, 100, 4774
2026/06/27 20:09:30.118, 158.14, 98, 4774
2026/06/27 20:09:31.118, 157.68, 100, 4774
2026/06/27 20:09:32.118, 159.57, 100, 4774
2026/06/27 20:09:33.118, 159.43, 99, 4774
2026/06/27 20:09:34.119, 159.43, 100, 4774
2026/06/27 20:09:35.119, 159.25, 100, 4774
2026/06/27 20:09:36.119, 159.47, 100, 4774
2026/06/27 20:09:37.119, 159.53, 99, 4774
2026/06/27 20:09:38.128, 159.29, 99, 4774
2026/06/27 20:09:39.128, 159.44, 100, 4774
2026/06/27 20:09:40.128, 33.04, 0, 4774
2026/06/27 20:09:41.128, 27.23, 0, 4772
