hidden,D,params,energy,exact,token,loss
128,9,0.694,10.05,0.0546875,0.6744068264961243,0.7626667022705078
128,18,0.694,10.3478,0.02734375,0.6484857201576233,0.8682399988174438
128,36,0.694,11.263,0.001953125,0.6297743320465088,0.8963260650634766
256,9,1.484,10.4146,0.025390625,0.6566357612609863,0.799934446811676
256,18,1.484,10.6289,0.0,0.6109664440155029,0.8976569771766663
256,36,1.484,11.4815,0.0,0.5629822611808777,1.1017231941223145
384,9,2.666,9.7861,0.005859375,0.6249276399612427,0.8613651990890503
384,18,2.666,10.0651,0.0,0.5843943357467651,0.9752938747406006
384,36,2.666,10.4898,0.0,0.42406925559043884,1.5465630292892456
