2026/06/27 05:49:20.270, 8.45, 0, 41
2026/06/27 05:49:21.278, 7.88, 0, 41
2026/06/27 05:49:22.278, 6.93, 0, 41
2026/06/27 05:49:23.293, 11.84, 0, 224
2026/06/27 05:49:24.293, 21.52, 0, 224
2026/06/27 05:49:25.293, 20.83, 0, 224
2026/06/27 05:49:26.293, 20.70, 0, 314
2026/06/27 05:49:27.294, 109.70, 97, 1786
2026/06/27 05:49:28.294, 162.77, 97, 1786
2026/06/27 05:49:29.294, 162.91, 97, 1786
2026/06/27 05:49:30.294, 162.86, 97, 1786
2026/06/27 05:49:31.294, 163.50, 97, 1786
2026/06/27 05:49:32.294, 163.49, 97, 1786
2026/06/27 05:49:33.295, 163.45, 97, 1786
2026/06/27 05:49:34.295, 163.52, 97, 1786
2026/06/27 05:49:35.295, 163.79, 97, 1786
2026/06/27 05:49:36.295, 163.79, 97, 1786
2026/06/27 05:49:37.295, 164.26, 96, 1786
2026/06/27 05:49:38.295, 164.10, 97, 1786
2026/06/27 05:49:39.296, 164.32, 97, 1786
2026/06/27 05:49:40.296, 164.18, 97, 1786
2026/06/27 05:49:41.296, 163.98, 97, 1786
2026/06/27 05:49:42.296, 164.06, 97, 1786
2026/06/27 05:49:43.296, 164.00, 97, 1786
2026/06/27 05:49:44.296, 164.44, 97, 1786
2026/06/27 05:49:45.296, 164.82, 96, 1786
2026/06/27 05:49:46.297, 164.74, 97, 1786
2026/06/27 05:49:47.297, 164.79, 97, 1786
2026/06/27 05:49:48.297, 164.66, 97, 1786
2026/06/27 05:49:49.297, 164.47, 97, 1786
2026/06/27 05:49:50.297, 164.60, 97, 1786
2026/06/27 05:49:51.297, 164.55, 97, 1786
2026/06/27 05:49:52.298, 164.35, 97, 1786
2026/06/27 05:49:53.298, 164.80, 97, 1786
2026/06/27 05:49:54.298, 164.57, 97, 1786
2026/06/27 05:49:55.298, 164.61, 97, 1786
2026/06/27 05:49:56.298, 165.13, 96, 1786
2026/06/27 05:49:57.298, 165.12, 97, 1786
2026/06/27 05:49:58.299, 165.21, 97, 1786
2026/06/27 05:49:59.299, 165.13, 97, 1786
2026/06/27 05:50:00.299, 165.47, 97, 1786
2026/06/27 05:50:01.299, 165.67, 97, 1786
2026/06/27 05:50:02.299, 165.41, 97, 1786
2026/06/27 05:50:03.299, 165.37, 97, 1786
2026/06/27 05:50:04.300, 165.86, 97, 1786
2026/06/27 05:50:05.300, 165.72, 97, 1786
2026/06/27 05:50:06.300, 165.60, 97, 1786
2026/06/27 05:50:07.300, 164.40, 97, 1786
2026/06/27 05:50:08.300, 165.15, 97, 1786
2026/06/27 05:50:09.300, 164.66, 96, 1786
2026/06/27 05:50:10.301, 165.02, 97, 1786
2026/06/27 05:50:11.301, 165.12, 97, 1786
2026/06/27 05:50:12.301, 165.76, 97, 1786
2026/06/27 05:50:13.301, 126.44, 0, 1786
2026/06/27 05:50:14.301, 42.60, 99, 1786
2026/06/27 05:50:15.301, 174.34, 99, 1786
2026/06/27 05:50:16.302, 170.51, 96, 1786
2026/06/27 05:50:17.302, 165.71, 97, 1786
2026/06/27 05:50:18.302, 165.76, 97, 1786
2026/06/27 05:50:19.302, 165.91, 97, 1786
2026/06/27 05:50:20.302, 165.75, 97, 1786
2026/06/27 05:50:21.302, 165.20, 97, 1786
2026/06/27 05:50:22.303, 164.68, 97, 1786
2026/06/27 05:50:23.303, 165.72, 97, 1786
2026/06/27 05:50:24.303, 165.57, 97, 1786
2026/06/27 05:50:25.303, 166.03, 97, 1786
2026/06/27 05:50:26.303, 165.80, 97, 1786
2026/06/27 05:50:27.304, 165.93, 97, 1786
2026/06/27 05:50:28.304, 166.66, 97, 1786
2026/06/27 05:50:29.304, 166.55, 97, 1786
2026/06/27 05:50:30.304, 166.56, 97, 1786
2026/06/27 05:50:31.304, 166.66, 97, 1786
2026/06/27 05:50:32.304, 166.59, 97, 1786
2026/06/27 05:50:33.305, 166.88, 97, 1786
2026/06/27 05:50:34.305, 166.71, 97, 1786
2026/06/27 05:50:35.305, 166.65, 97, 1786
2026/06/27 05:50:36.305, 166.70, 97, 1786
2026/06/27 05:50:37.305, 166.96, 97, 1786
2026/06/27 05:50:38.305, 166.69, 97, 1786
2026/06/27 05:50:39.306, 166.77, 97, 1786
2026/06/27 05:50:40.306, 166.57, 97, 1786
2026/06/27 05:50:41.306, 166.83, 96, 1786
2026/06/27 05:50:42.306, 165.34, 97, 1786
2026/06/27 05:50:43.306, 166.65, 97, 1786
2026/06/27 05:50:44.306, 166.67, 97, 1786
2026/06/27 05:50:45.307, 167.15, 97, 1786
2026/06/27 05:50:46.307, 166.96, 97, 1786
2026/06/27 05:50:47.307, 166.82, 97, 1786
2026/06/27 05:50:48.307, 167.07, 97, 1786
2026/06/27 05:50:49.307, 166.94, 97, 1786
2026/06/27 05:50:50.307, 166.68, 97, 1786
2026/06/27 05:50:51.308, 166.90, 97, 1786
2026/06/27 05:50:52.308, 166.93, 97, 1786
2026/06/27 05:50:53.308, 166.93, 97, 1786
2026/06/27 05:50:54.308, 166.61, 97, 1786
2026/06/27 05:50:55.308, 166.47, 97, 1786
2026/06/27 05:50:56.308, 166.66, 97, 1786
2026/06/27 05:50:57.309, 166.55, 97, 1786
2026/06/27 05:50:58.309, 166.57, 97, 1786
2026/06/27 05:50:59.309, 166.74, 97, 1786
2026/06/27 05:51:00.309, 166.82, 97, 1786
2026/06/27 05:51:01.309, 166.70, 97, 1786
2026/06/27 05:51:02.309, 166.93, 97, 1786
2026/06/27 05:51:03.310, 173.12, 99, 1786
2026/06/27 05:51:04.310, 176.66, 99, 1786
2026/06/27 05:51:05.310, 166.34, 97, 1786
2026/06/27 05:51:06.310, 167.40, 97, 1786
2026/06/27 05:51:07.310, 167.63, 97, 1786
2026/06/27 05:51:08.310, 167.55, 97, 1786
2026/06/27 05:51:09.311, 167.87, 97, 1786
2026/06/27 05:51:10.311, 167.53, 97, 1786
2026/06/27 05:51:11.311, 167.45, 97, 1786
2026/06/27 05:51:12.311, 167.45, 97, 1786
2026/06/27 05:51:13.311, 167.54, 97, 1786
2026/06/27 05:51:14.311, 167.73, 97, 1786
2026/06/27 05:51:15.312, 167.65, 97, 1786
2026/06/27 05:51:16.312, 167.48, 97, 1786
2026/06/27 05:51:17.312, 167.57, 97, 1786
2026/06/27 05:51:18.312, 167.51, 97, 1786
2026/06/27 05:51:19.312, 167.46, 97, 1786
2026/06/27 05:51:20.312, 167.48, 97, 1786
2026/06/27 05:51:21.313, 167.43, 97, 1786
2026/06/27 05:51:22.313, 167.51, 97, 1786
2026/06/27 05:51:23.313, 167.83, 96, 1786
2026/06/27 05:51:24.313, 167.67, 97, 1786
2026/06/27 05:51:25.313, 167.81, 97, 1786
2026/06/27 05:51:26.313, 167.61, 97, 1786
2026/06/27 05:51:27.314, 167.78, 97, 1786
2026/06/27 05:51:28.314, 167.71, 96, 1786
2026/06/27 05:51:29.314, 167.69, 97, 1786
2026/06/27 05:51:30.314, 167.52, 97, 1786
2026/06/27 05:51:31.314, 167.67, 97, 1786
2026/06/27 05:51:32.314, 167.80, 97, 1786
2026/06/27 05:51:33.315, 167.78, 97, 1786
2026/06/27 05:51:34.315, 167.63, 97, 1786
2026/06/27 05:51:35.315, 167.64, 97, 1786
2026/06/27 05:51:36.315, 167.68, 97, 1786
2026/06/27 05:51:37.315, 168.04, 96, 1786
2026/06/27 05:51:38.315, 167.80, 97, 1786
2026/06/27 05:51:39.316, 167.41, 97, 1786
2026/06/27 05:51:40.316, 167.06, 97, 1786
2026/06/27 05:51:41.316, 167.83, 96, 1786
2026/06/27 05:51:42.316, 167.67, 97, 1786
2026/06/27 05:51:43.316, 167.54, 97, 1786
2026/06/27 05:51:44.316, 167.62, 97, 1786
2026/06/27 05:51:45.317, 167.84, 96, 1786
2026/06/27 05:51:46.317, 166.71, 97, 1786
2026/06/27 05:51:47.317, 167.71, 97, 1786
2026/06/27 05:51:48.317, 167.81, 97, 1786
2026/06/27 05:51:49.317, 167.86, 97, 1786
2026/06/27 05:51:50.317, 167.68, 97, 1786
2026/06/27 05:51:51.317, 172.08, 99, 1786
2026/06/27 05:51:52.318, 176.97, 99, 1786
2026/06/27 05:51:53.318, 167.59, 97, 1786
2026/06/27 05:51:54.318, 167.52, 97, 1786
2026/06/27 05:51:55.318, 167.13, 97, 1786
2026/06/27 05:51:56.318, 166.28, 97, 1786
2026/06/27 05:51:57.318, 167.08, 96, 1786
2026/06/27 05:51:58.319, 167.37, 97, 1786
2026/06/27 05:51:59.319, 167.31, 97, 1786
2026/06/27 05:52:00.319, 167.45, 97, 1786
2026/06/27 05:52:01.319, 167.26, 97, 1786
2026/06/27 05:52:02.319, 167.06, 97, 1786
2026/06/27 05:52:03.319, 167.14, 97, 1786
2026/06/27 05:52:04.320, 167.71, 97, 1786
2026/06/27 05:52:05.320, 167.26, 97, 1786
2026/06/27 05:52:06.320, 166.78, 97, 1786
2026/06/27 05:52:07.320, 167.53, 97, 1786
2026/06/27 05:52:08.320, 167.37, 97, 1786
2026/06/27 05:52:09.320, 167.26, 97, 1786
2026/06/27 05:52:10.321, 167.50, 97, 1786
2026/06/27 05:52:11.321, 167.21, 97, 1786
2026/06/27 05:52:12.321, 166.71, 97, 1786
2026/06/27 05:52:13.321, 166.87, 97, 1786
2026/06/27 05:52:14.321, 166.82, 97, 1786
2026/06/27 05:52:15.321, 166.79, 97, 1786
2026/06/27 05:52:16.322, 167.14, 97, 1786
2026/06/27 05:52:17.322, 166.58, 97, 1786
2026/06/27 05:52:18.322, 166.70, 97, 1786
2026/06/27 05:52:19.322, 166.93, 97, 1786
2026/06/27 05:52:20.322, 167.00, 97, 1786
2026/06/27 05:52:21.322, 166.34, 97, 1786
2026/06/27 05:52:22.323, 167.08, 97, 1786
2026/06/27 05:52:23.323, 167.17, 97, 1786
2026/06/27 05:52:24.323, 167.55, 97, 1786
2026/06/27 05:52:25.323, 167.18, 97, 1786
2026/06/27 05:52:26.323, 167.26, 97, 1786
2026/06/27 05:52:27.323, 167.35, 96, 1786
2026/06/27 05:52:28.324, 167.23, 97, 1786
2026/06/27 05:52:29.324, 167.07, 97, 1786
2026/06/27 05:52:30.324, 167.30, 97, 1786
2026/06/27 05:52:31.324, 167.20, 97, 1786
2026/06/27 05:52:32.324, 167.07, 97, 1786
2026/06/27 05:52:33.324, 167.04, 97, 1786
2026/06/27 05:52:34.325, 167.09, 97, 1786
2026/06/27 05:52:35.325, 167.00, 97, 1786
2026/06/27 05:52:36.325, 166.87, 97, 1786
2026/06/27 05:52:37.325, 167.49, 97, 1786
2026/06/27 05:52:38.325, 167.24, 97, 1786
2026/06/27 05:52:39.325, 167.88, 99, 1786
2026/06/27 05:52:40.326, 176.87, 99, 1786
2026/06/27 05:52:41.326, 171.97, 97, 1786
2026/06/27 05:52:42.326, 167.27, 96, 1786
2026/06/27 05:52:43.326, 167.41, 97, 1786
2026/06/27 05:52:44.326, 167.11, 97, 1786
2026/06/27 05:52:45.326, 167.07, 97, 1786
2026/06/27 05:52:46.327, 166.64, 97, 1786
2026/06/27 05:52:47.327, 166.74, 97, 1786
2026/06/27 05:52:48.327, 167.13, 96, 1786
2026/06/27 05:52:49.327, 167.02, 97, 1786
2026/06/27 05:52:50.327, 166.79, 97, 1786
2026/06/27 05:52:51.327, 167.20, 97, 1786
2026/06/27 05:52:52.328, 167.01, 97, 1786
2026/06/27 05:52:53.328, 166.80, 97, 1786
2026/06/27 05:52:54.328, 167.03, 97, 1786
2026/06/27 05:52:55.328, 166.71, 97, 1786
2026/06/27 05:52:56.328, 166.83, 97, 1786
2026/06/27 05:52:57.328, 166.93, 97, 1786
2026/06/27 05:52:58.329, 166.62, 97, 1786
2026/06/27 05:52:59.329, 166.86, 97, 1786
2026/06/27 05:53:00.329, 167.00, 97, 1786
2026/06/27 05:53:01.329, 167.01, 97, 1786
2026/06/27 05:53:02.329, 167.33, 97, 1786
2026/06/27 05:53:03.329, 166.94, 97, 1786
2026/06/27 05:53:04.330, 166.72, 97, 1786
2026/06/27 05:53:05.330, 167.35, 97, 1786
2026/06/27 05:53:06.330, 166.62, 97, 1786
2026/06/27 05:53:07.330, 166.57, 97, 1786
2026/06/27 05:53:08.330, 167.08, 97, 1786
2026/06/27 05:53:09.330, 166.71, 97, 1786
2026/06/27 05:53:10.331, 166.99, 96, 1786
2026/06/27 05:53:11.331, 166.74, 97, 1786
2026/06/27 05:53:12.331, 166.50, 97, 1786
2026/06/27 05:53:13.331, 166.99, 97, 1786
2026/06/27 05:53:14.331, 166.86, 97, 1786
2026/06/27 05:53:15.331, 166.72, 97, 1786
2026/06/27 05:53:16.332, 167.21, 97, 1786
2026/06/27 05:53:17.332, 166.67, 97, 1786
2026/06/27 05:53:18.332, 166.81, 97, 1786
2026/06/27 05:53:19.332, 166.96, 97, 1786
2026/06/27 05:53:20.332, 166.26, 97, 1786
2026/06/27 05:53:21.333, 166.85, 97, 1786
2026/06/27 05:53:22.333, 166.83, 97, 1786
2026/06/27 05:53:23.333, 166.17, 97, 1786
2026/06/27 05:53:24.333, 166.65, 97, 1786
2026/06/27 05:53:25.333, 166.60, 97, 1786
2026/06/27 05:53:26.333, 166.75, 97, 1786
2026/06/27 05:53:27.334, 166.87, 97, 1786
2026/06/27 05:53:28.334, 172.07, 99, 1786
2026/06/27 05:53:29.334, 176.39, 99, 1786
2026/06/27 05:53:30.334, 85.95, 0, 1786
2026/06/27 05:53:31.334, 28.93, 0, 41
2026/06/27 05:53:32.334, 23.74, 0, 41
2026/06/27 05:53:33.335, 17.10, 0, 41
2026/06/27 05:53:34.335, 13.81, 0, 41
2026/06/27 05:53:35.335, 10.16, 0, 41
2026/06/27 05:53:36.335, 7.90, 0, 41
2026/06/27 05:53:37.336, 7.55, 0, 41
2026/06/27 05:53:38.336, 7.12, 0, 202
2026/06/27 05:53:39.336, 13.78, 0, 224
2026/06/27 05:53:40.336, 21.14, 0, 224
2026/06/27 05:53:41.336, 21.18, 0, 224
2026/06/27 05:53:42.337, 20.94, 0, 224
2026/06/27 05:53:43.337, 43.65, 98, 2854
2026/06/27 05:53:44.337, 165.28, 98, 2854
2026/06/27 05:53:45.338, 165.66, 98, 2854
2026/06/27 05:53:46.338, 165.65, 99, 2854
2026/06/27 05:53:47.338, 165.82, 97, 2854
2026/06/27 05:53:48.338, 165.55, 97, 2854
2026/06/27 05:53:49.338, 166.16, 98, 2854
2026/06/27 05:53:50.338, 166.52, 98, 2854
2026/06/27 05:53:51.339, 166.32, 98, 2854
2026/06/27 05:53:52.339, 166.18, 98, 2854
2026/06/27 05:53:53.339, 166.31, 98, 2854
2026/06/27 05:53:54.339, 166.73, 98, 2854
2026/06/27 05:53:55.339, 166.52, 97, 2854
2026/06/27 05:53:56.339, 166.71, 98, 2854
2026/06/27 05:53:57.340, 167.12, 98, 2854
2026/06/27 05:53:58.340, 167.25, 98, 2854
2026/06/27 05:53:59.340, 167.09, 99, 2854
2026/06/27 05:54:00.340, 166.49, 99, 2854
2026/06/27 05:54:01.340, 166.74, 98, 2854
2026/06/27 05:54:02.341, 166.98, 99, 2854
2026/06/27 05:54:03.341, 167.51, 98, 2854
2026/06/27 05:54:04.342, 167.17, 97, 2854
2026/06/27 05:54:05.342, 167.73, 98, 2854
2026/06/27 05:54:06.342, 167.74, 98, 2854
2026/06/27 05:54:07.342, 167.77, 98, 2854
2026/06/27 05:54:08.342, 167.84, 98, 2854
2026/06/27 05:54:09.342, 167.96, 98, 2854
2026/06/27 05:54:10.343, 167.59, 98, 2854
2026/06/27 05:54:11.343, 167.48, 97, 2854
2026/06/27 05:54:12.343, 167.42, 97, 2854
2026/06/27 05:54:13.343, 167.45, 98, 2854
2026/06/27 05:54:14.343, 167.70, 99, 2854
2026/06/27 05:54:15.344, 167.83, 99, 2854
2026/06/27 05:54:16.344, 167.82, 99, 2854
2026/06/27 05:54:17.344, 167.76, 98, 2854
2026/06/27 05:54:18.344, 168.41, 99, 2854
2026/06/27 05:54:19.344, 168.65, 99, 2854
2026/06/27 05:54:20.344, 168.48, 99, 2854
2026/06/27 05:54:21.345, 168.32, 97, 2854
2026/06/27 05:54:22.345, 167.05, 97, 2854
2026/06/27 05:54:23.345, 168.28, 97, 2854
2026/06/27 05:54:24.345, 168.41, 98, 2854
2026/06/27 05:54:25.345, 168.34, 98, 2854
2026/06/27 05:54:26.345, 168.97, 98, 2854
2026/06/27 05:54:27.345, 169.04, 99, 2854
2026/06/27 05:54:28.346, 168.91, 98, 2854
2026/06/27 05:54:29.346, 107.27, 0, 2854
2026/06/27 05:54:30.346, 30.96, 0, 2854
2026/06/27 05:54:31.346, 93.22, 99, 2854
2026/06/27 05:54:32.346, 175.27, 99, 2854
2026/06/27 05:54:33.346, 175.76, 99, 2854
2026/06/27 05:54:34.347, 170.24, 97, 2854
2026/06/27 05:54:35.347, 168.44, 98, 2854
2026/06/27 05:54:36.347, 168.67, 98, 2854
2026/06/27 05:54:37.347, 168.50, 98, 2854
2026/06/27 05:54:38.347, 168.76, 98, 2854
2026/06/27 05:54:39.347, 168.65, 98, 2854
2026/06/27 05:54:40.348, 168.68, 98, 2854
2026/06/27 05:54:41.348, 168.49, 97, 2854
2026/06/27 05:54:42.348, 168.36, 98, 2854
2026/06/27 05:54:43.348, 168.84, 98, 2854
2026/06/27 05:54:44.348, 168.94, 98, 2854
2026/06/27 05:54:45.348, 168.92, 99, 2854
2026/06/27 05:54:46.349, 168.86, 98, 2854
2026/06/27 05:54:47.349, 168.80, 99, 2854
2026/06/27 05:54:48.349, 168.49, 99, 2854
2026/06/27 05:54:49.349, 168.29, 97, 2854
2026/06/27 05:54:50.349, 168.37, 97, 2854
2026/06/27 05:54:51.349, 168.78, 97, 2854
2026/06/27 05:54:52.349, 168.74, 99, 2854
2026/06/27 05:54:53.350, 168.79, 98, 2854
2026/06/27 05:54:54.350, 169.05, 99, 2854
2026/06/27 05:54:55.350, 168.99, 98, 2854
2026/06/27 05:54:56.350, 168.93, 98, 2854
2026/06/27 05:54:57.350, 168.95, 98, 2854
2026/06/27 05:54:58.350, 169.05, 98, 2854
2026/06/27 05:54:59.351, 169.40, 98, 2854
2026/06/27 05:55:00.351, 169.62, 97, 2854
2026/06/27 05:55:01.351, 169.40, 97, 2854
2026/06/27 05:55:02.351, 169.73, 99, 2854
2026/06/27 05:55:03.351, 170.07, 99, 2854
2026/06/27 05:55:04.351, 169.73, 99, 2854
2026/06/27 05:55:05.352, 169.73, 99, 2854
2026/06/27 05:55:06.352, 169.50, 99, 2854
2026/06/27 05:55:07.352, 169.74, 97, 2854
2026/06/27 05:55:08.352, 169.55, 97, 2854
2026/06/27 05:55:09.352, 169.75, 99, 2854
2026/06/27 05:55:10.352, 170.20, 98, 2854
2026/06/27 05:55:11.353, 169.98, 98, 2854
2026/06/27 05:55:12.353, 169.73, 98, 2854
2026/06/27 05:55:13.353, 169.42, 98, 2854
2026/06/27 05:55:14.353, 169.44, 98, 2854
2026/06/27 05:55:15.353, 169.29, 97, 2854
2026/06/27 05:55:16.353, 169.57, 98, 2854
2026/06/27 05:55:17.354, 169.74, 98, 2854
2026/06/27 05:55:18.354, 169.73, 98, 2854
2026/06/27 05:55:19.354, 169.86, 99, 2854
2026/06/27 05:55:20.354, 172.94, 99, 2854
2026/06/27 05:55:21.354, 177.05, 99, 2854
2026/06/27 05:55:22.354, 177.17, 99, 2854
2026/06/27 05:55:23.355, 172.90, 98, 2854
2026/06/27 05:55:24.355, 170.23, 98, 2854
2026/06/27 05:55:25.355, 170.41, 98, 2854
2026/06/27 05:55:26.355, 170.20, 98, 2854
2026/06/27 05:55:27.355, 170.24, 98, 2854
2026/06/27 05:55:28.355, 169.74, 97, 2854
2026/06/27 05:55:29.356, 169.82, 96, 2854
2026/06/27 05:55:30.356, 170.13, 98, 2854
2026/06/27 05:55:31.356, 170.15, 98, 2854
2026/06/27 05:55:32.356, 169.96, 98, 2854
2026/06/27 05:55:33.356, 170.35, 98, 2854
2026/06/27 05:55:34.356, 170.22, 98, 2854
2026/06/27 05:55:35.357, 169.88, 98, 2854
2026/06/27 05:55:36.357, 169.85, 96, 2854
2026/06/27 05:55:37.357, 169.60, 97, 2854
2026/06/27 05:55:38.357, 170.20, 98, 2854
2026/06/27 05:55:39.357, 170.54, 98, 2854
2026/06/27 05:55:40.357, 170.07, 98, 2854
2026/06/27 05:55:41.358, 170.38, 98, 2854
2026/06/27 05:55:42.358, 170.30, 98, 2854
2026/06/27 05:55:43.358, 170.10, 98, 2854
2026/06/27 05:55:44.358, 169.99, 97, 2854
2026/06/27 05:55:45.358, 170.17, 99, 2854
2026/06/27 05:55:46.358, 170.27, 99, 2854
2026/06/27 05:55:47.359, 170.39, 99, 2854
2026/06/27 05:55:48.359, 170.47, 99, 2854
2026/06/27 05:55:49.359, 170.35, 99, 2854
2026/06/27 05:55:50.359, 170.46, 98, 2854
2026/06/27 05:55:51.359, 170.06, 97, 2854
2026/06/27 05:55:52.359, 170.38, 98, 2854
2026/06/27 05:55:53.360, 170.44, 98, 2854
2026/06/27 05:55:54.360, 170.32, 98, 2854
2026/06/27 05:55:55.360, 170.18, 98, 2854
2026/06/27 05:55:56.360, 170.12, 98, 2854
2026/06/27 05:55:57.360, 170.38, 98, 2854
2026/06/27 05:55:58.360, 169.82, 97, 2854
2026/06/27 05:55:59.361, 170.13, 97, 2854
2026/06/27 05:56:00.361, 169.95, 98, 2854
2026/06/27 05:56:01.361, 170.52, 99, 2854
2026/06/27 05:56:02.361, 170.44, 99, 2854
2026/06/27 05:56:03.361, 170.46, 99, 2854
2026/06/27 05:56:04.361, 170.03, 99, 2854
2026/06/27 05:56:05.361, 170.09, 99, 2854
2026/06/27 05:56:06.362, 169.98, 97, 2854
2026/06/27 05:56:07.362, 170.46, 99, 2854
2026/06/27 05:56:08.362, 169.96, 99, 2854
2026/06/27 05:56:09.362, 172.31, 99, 2854
2026/06/27 05:56:10.362, 177.51, 99, 2854
2026/06/27 05:56:11.362, 177.61, 99, 2854
2026/06/27 05:56:12.363, 173.65, 73, 2854
2026/06/27 05:56:13.363, 167.88, 98, 2854
2026/06/27 05:56:14.363, 170.76, 99, 2854
2026/06/27 05:56:15.363, 170.35, 98, 2854
2026/06/27 05:56:16.363, 170.95, 99, 2854
2026/06/27 05:56:17.363, 170.81, 98, 2854
2026/06/27 05:56:18.363, 170.70, 99, 2854
2026/06/27 05:56:19.364, 170.54, 97, 2854
2026/06/27 05:56:20.364, 170.49, 97, 2854
2026/06/27 05:56:21.364, 170.84, 98, 2854
2026/06/27 05:56:22.364, 170.74, 98, 2854
2026/06/27 05:56:23.364, 170.90, 98, 2854
2026/06/27 05:56:24.364, 170.82, 98, 2854
2026/06/27 05:56:25.365, 170.28, 98, 2854
2026/06/27 05:56:26.365, 170.44, 98, 2854
2026/06/27 05:56:27.365, 170.44, 97, 2854
2026/06/27 05:56:28.365, 170.70, 99, 2854
2026/06/27 05:56:29.365, 170.54, 99, 2854
2026/06/27 05:56:30.365, 170.68, 99, 2854
2026/06/27 05:56:31.366, 170.76, 99, 2854
2026/06/27 05:56:32.366, 170.73, 99, 2854
2026/06/27 05:56:33.366, 170.87, 99, 2854
2026/06/27 05:56:34.366, 170.46, 97, 2854
2026/06/27 05:56:35.366, 170.54, 97, 2854
2026/06/27 05:56:36.366, 170.68, 98, 2854
2026/06/27 05:56:37.367, 170.77, 98, 2854
2026/06/27 05:56:38.367, 170.46, 98, 2854
2026/06/27 05:56:39.367, 170.91, 98, 2854
2026/06/27 05:56:40.367, 170.76, 98, 2854
2026/06/27 05:56:41.367, 170.48, 98, 2854
2026/06/27 05:56:42.367, 170.42, 97, 2854
2026/06/27 05:56:43.368, 170.39, 97, 2854
2026/06/27 05:56:44.368, 170.61, 99, 2854
2026/06/27 05:56:45.368, 170.99, 99, 2854
2026/06/27 05:56:46.368, 170.89, 98, 2854
2026/06/27 05:56:47.368, 170.71, 98, 2854
2026/06/27 05:56:48.369, 170.51, 99, 2854
2026/06/27 05:56:49.369, 170.81, 99, 2854
2026/06/27 05:56:50.369, 170.25, 97, 2854
2026/06/27 05:56:51.369, 170.53, 97, 2854
2026/06/27 05:56:52.369, 170.63, 98, 2854
2026/06/27 05:56:53.369, 170.88, 98, 2854
2026/06/27 05:56:54.370, 170.88, 98, 2854
2026/06/27 05:56:55.370, 170.87, 98, 2854
2026/06/27 05:56:56.370, 170.49, 98, 2854
2026/06/27 05:56:57.370, 170.69, 98, 2854
2026/06/27 05:56:58.370, 172.43, 99, 2854
2026/06/27 05:56:59.370, 177.86, 99, 2854
2026/06/27 05:57:00.371, 177.62, 99, 2854
2026/06/27 05:57:01.371, 177.66, 99, 2854
2026/06/27 05:57:02.371, 166.87, 98, 2854
2026/06/27 05:57:03.371, 170.50, 98, 2854
2026/06/27 05:57:04.371, 170.44, 97, 2854
2026/06/27 05:57:05.371, 170.89, 97, 2854
2026/06/27 05:57:06.372, 171.01, 98, 2854
2026/06/27 05:57:07.372, 170.96, 98, 2854
2026/06/27 05:57:08.372, 170.87, 98, 2854
2026/06/27 05:57:09.372, 170.71, 98, 2854
2026/06/27 05:57:10.372, 170.66, 98, 2854
2026/06/27 05:57:11.372, 170.62, 98, 2854
2026/06/27 05:57:12.373, 170.54, 97, 2854
2026/06/27 05:57:13.373, 170.88, 99, 2854
2026/06/27 05:57:14.373, 170.87, 99, 2854
2026/06/27 05:57:15.373, 171.02, 99, 2854
2026/06/27 05:57:16.373, 171.00, 99, 2854
2026/06/27 05:57:17.373, 170.78, 98, 2854
2026/06/27 05:57:18.374, 170.89, 98, 2854
2026/06/27 05:57:19.374, 170.72, 97, 2854
2026/06/27 05:57:20.374, 170.90, 98, 2854
2026/06/27 05:57:21.374, 170.96, 98, 2854
2026/06/27 05:57:22.374, 170.91, 98, 2854
2026/06/27 05:57:23.374, 171.05, 98, 2854
2026/06/27 05:57:24.374, 170.83, 98, 2854
2026/06/27 05:57:25.375, 170.85, 98, 2854
2026/06/27 05:57:26.375, 170.44, 97, 2854
2026/06/27 05:57:27.375, 170.92, 97, 2854
2026/06/27 05:57:28.375, 170.79, 99, 2854
2026/06/27 05:57:29.375, 171.08, 99, 2854
2026/06/27 05:57:30.375, 171.18, 99, 2854
2026/06/27 05:57:31.376, 171.18, 98, 2854
2026/06/27 05:57:32.376, 170.83, 99, 2854
2026/06/27 05:57:33.376, 170.83, 97, 2854
2026/06/27 05:57:34.376, 170.83, 97, 2854
2026/06/27 05:57:35.376, 171.05, 98, 2854
2026/06/27 05:57:36.376, 171.01, 98, 2854
2026/06/27 05:57:37.377, 170.58, 98, 2854
2026/06/27 05:57:38.377, 170.97, 98, 2854
2026/06/27 05:57:39.377, 170.86, 98, 2854
2026/06/27 05:57:40.377, 170.96, 98, 2854
2026/06/27 05:57:41.377, 170.58, 97, 2854
2026/06/27 05:57:42.377, 170.73, 98, 2854
2026/06/27 05:57:43.378, 170.51, 98, 2854
2026/06/27 05:57:44.378, 170.64, 98, 2854
2026/06/27 05:57:45.378, 170.55, 98, 2854
2026/06/27 05:57:46.378, 170.72, 98, 2854
2026/06/27 05:57:47.378, 171.56, 99, 2854
2026/06/27 05:57:48.378, 177.89, 99, 2854
2026/06/27 05:57:49.379, 177.96, 99, 2854
2026/06/27 05:57:50.379, 177.59, 99, 2854
2026/06/27 05:57:51.379, 58.33, 0, 2854
2026/06/27 05:57:52.379, 29.42, 7, 41
2026/06/27 05:57:53.379, 25.12, 0, 41
2026/06/27 05:57:54.379, 18.73, 0, 41
2026/06/27 05:57:55.380, 14.85, 0, 41
2026/06/27 05:57:56.380, 10.76, 0, 41
2026/06/27 05:57:57.380, 10.40, 0, 41
2026/06/27 05:57:58.380, 8.47, 0, 41
2026/06/27 05:57:59.380, 7.77, 0, 224
2026/06/27 05:58:00.381, 14.10, 0, 224
2026/06/27 05:58:01.381, 21.37, 0, 224
2026/06/27 05:58:02.381, 21.33, 0, 224
2026/06/27 05:58:03.381, 21.15, 0, 224
2026/06/27 05:58:04.382, 21.19, 0, 224
2026/06/27 05:58:05.382, 45.48, 96, 4964
2026/06/27 05:58:06.383, 145.47, 98, 4964
2026/06/27 05:58:07.383, 166.47, 98, 4964
2026/06/27 05:58:08.383, 167.62, 98, 4964
2026/06/27 05:58:09.383, 167.18, 98, 4964
2026/06/27 05:58:10.383, 167.32, 100, 4964
2026/06/27 05:58:11.383, 167.13, 98, 4964
2026/06/27 05:58:12.384, 167.07, 98, 4964
2026/06/27 05:58:13.384, 167.82, 98, 4964
2026/06/27 05:58:14.384, 167.14, 98, 4964
2026/06/27 05:58:15.384, 167.60, 100, 4964
2026/06/27 05:58:16.384, 167.63, 98, 4964
2026/06/27 05:58:17.384, 167.68, 98, 4964
2026/06/27 05:58:18.385, 168.05, 98, 4964
2026/06/27 05:58:19.385, 167.73, 98, 4964
2026/06/27 05:58:20.385, 168.58, 100, 4964
2026/06/27 05:58:21.385, 168.15, 98, 4964
2026/06/27 05:58:22.385, 168.09, 100, 4964
2026/06/27 05:58:23.385, 168.59, 98, 4964
2026/06/27 05:58:24.386, 168.22, 98, 4964
2026/06/27 05:58:25.386, 168.81, 100, 4964
2026/06/27 05:58:26.386, 168.53, 98, 4964
2026/06/27 05:58:27.386, 168.16, 100, 4964
2026/06/27 05:58:28.386, 168.82, 98, 4964
2026/06/27 05:58:29.386, 168.34, 98, 4964
2026/06/27 05:58:30.387, 169.49, 100, 4964
2026/06/27 05:58:31.387, 168.54, 98, 4964
2026/06/27 05:58:32.387, 168.89, 100, 4964
2026/06/27 05:58:33.387, 169.10, 98, 4964
2026/06/27 05:58:34.387, 168.89, 98, 4964
2026/06/27 05:58:35.387, 169.88, 98, 4964
2026/06/27 05:58:36.388, 169.06, 98, 4964
2026/06/27 05:58:37.388, 168.03, 100, 4964
2026/06/27 05:58:38.388, 169.12, 98, 4964
2026/06/27 05:58:39.388, 169.23, 100, 4964
2026/06/27 05:58:40.388, 169.47, 98, 4964
2026/06/27 05:58:41.388, 169.07, 98, 4964
2026/06/27 05:58:42.389, 168.57, 100, 4964
2026/06/27 05:58:43.389, 169.41, 98, 4964
2026/06/27 05:58:44.389, 169.28, 100, 4964
2026/06/27 05:58:45.389, 169.59, 98, 4964
2026/06/27 05:58:46.389, 169.23, 99, 4964
2026/06/27 05:58:47.398, 169.46, 98, 4964
2026/06/27 05:58:48.398, 168.99, 98, 4964
2026/06/27 05:58:49.398, 169.57, 100, 4964
2026/06/27 05:58:50.398, 169.11, 98, 4964
2026/06/27 05:58:51.398, 169.35, 100, 4964
2026/06/27 05:58:52.399, 54.98, 0, 4964
2026/06/27 05:58:53.399, 39.75, 0, 4964
2026/06/27 05:58:54.399, 25.30, 0, 4964
2026/06/27 05:58:55.399, 103.58, 99, 4964
2026/06/27 05:58:56.399, 174.62, 99, 4964
2026/06/27 05:58:57.399, 175.08, 99, 4964
2026/06/27 05:58:58.400, 174.88, 99, 4964
2026/06/27 05:58:59.400, 175.09, 99, 4964
2026/06/27 05:59:00.400, 175.04, 99, 4964
2026/06/27 05:59:01.400, 169.70, 98, 4964
2026/06/27 05:59:02.400, 168.81, 98, 4964
2026/06/27 05:59:03.400, 169.45, 100, 4964
2026/06/27 05:59:04.401, 169.22, 98, 4964
2026/06/27 05:59:05.401, 168.81, 100, 4964
2026/06/27 05:59:06.401, 168.67, 98, 4964
2026/06/27 05:59:07.401, 168.68, 98, 4964
2026/06/27 05:59:08.401, 168.96, 98, 4964
2026/06/27 05:59:09.401, 168.55, 98, 4964
2026/06/27 05:59:10.402, 169.43, 100, 4964
2026/06/27 05:59:11.402, 169.77, 98, 4964
2026/06/27 05:59:12.402, 169.40, 100, 4964
2026/06/27 05:59:13.402, 169.75, 98, 4964
2026/06/27 05:59:14.402, 169.37, 98, 4964
2026/06/27 05:59:15.402, 169.88, 100, 4964
2026/06/27 05:59:16.403, 169.41, 98, 4964
2026/06/27 05:59:17.403, 169.87, 100, 4964
2026/06/27 05:59:18.403, 170.29, 98, 4964
2026/06/27 05:59:19.403, 169.32, 98, 4964
2026/06/27 05:59:20.403, 170.22, 98, 4964
2026/06/27 05:59:21.403, 169.77, 98, 4964
2026/06/27 05:59:22.404, 170.51, 100, 4964
2026/06/27 05:59:23.404, 170.16, 98, 4964
2026/06/27 05:59:24.404, 170.10, 99, 4964
2026/06/27 05:59:25.404, 170.63, 98, 4964
2026/06/27 05:59:26.404, 170.03, 98, 4964
2026/06/27 05:59:27.404, 170.50, 100, 4964
2026/06/27 05:59:28.404, 170.18, 98, 4964
2026/06/27 05:59:29.405, 170.44, 100, 4964
2026/06/27 05:59:30.405, 170.60, 98, 4964
2026/06/27 05:59:31.405, 170.41, 98, 4964
2026/06/27 05:59:32.405, 170.59, 100, 4964
2026/06/27 05:59:33.405, 170.87, 98, 4964
2026/06/27 05:59:34.405, 170.34, 100, 4964
2026/06/27 05:59:35.406, 170.59, 98, 4964
2026/06/27 05:59:36.406, 170.09, 98, 4964
2026/06/27 05:59:37.406, 171.07, 98, 4964
2026/06/27 05:59:38.406, 170.41, 98, 4964
2026/06/27 05:59:39.406, 170.45, 100, 4964
2026/06/27 05:59:40.406, 170.26, 98, 4964
2026/06/27 05:59:41.407, 170.12, 100, 4964
2026/06/27 05:59:42.407, 170.87, 98, 4964
2026/06/27 05:59:43.407, 170.08, 98, 4964
2026/06/27 05:59:44.407, 170.78, 98, 4964
2026/06/27 05:59:45.407, 170.07, 98, 4964
2026/06/27 05:59:46.407, 170.29, 100, 4964
2026/06/27 05:59:47.408, 169.54, 94, 4964
2026/06/27 05:59:48.408, 175.38, 99, 4964
2026/06/27 05:59:49.408, 176.77, 99, 4964
2026/06/27 05:59:50.408, 176.69, 99, 4964
2026/06/27 05:59:51.408, 176.89, 99, 4964
2026/06/27 05:59:52.409, 176.87, 99, 4964
2026/06/27 05:59:53.409, 177.04, 99, 4964
2026/06/27 05:59:54.409, 169.43, 98, 4964
2026/06/27 05:59:55.409, 170.64, 98, 4964
2026/06/27 05:59:56.409, 171.06, 100, 4964
2026/06/27 05:59:57.409, 170.91, 98, 4964
2026/06/27 05:59:58.410, 171.06, 100, 4964
2026/06/27 05:59:59.410, 171.48, 98, 4964
2026/06/27 06:00:00.410, 171.03, 98, 4964
2026/06/27 06:00:01.410, 171.46, 100, 4964
2026/06/27 06:00:02.410, 171.19, 98, 4964
2026/06/27 06:00:03.410, 171.24, 100, 4964
2026/06/27 06:00:04.411, 171.54, 98, 4964
2026/06/27 06:00:05.411, 171.22, 98, 4964
2026/06/27 06:00:06.411, 171.58, 100, 4964
2026/06/27 06:00:07.411, 171.20, 98, 4964
2026/06/27 06:00:08.411, 170.85, 100, 4964
2026/06/27 06:00:09.411, 171.01, 98, 4964
2026/06/27 06:00:10.412, 171.01, 99, 4964
2026/06/27 06:00:11.412, 171.80, 98, 4964
2026/06/27 06:00:12.412, 171.21, 98, 4964
2026/06/27 06:00:13.412, 171.87, 100, 4964
2026/06/27 06:00:14.412, 171.86, 98, 4964
